-- phpMyAdmin SQL Dump
-- version 4.5.1
-- http://www.phpmyadmin.net
--
-- Host: 127.0.0.1
-- Generation Time: Jul 08, 2016 at 04:29 PM
-- Server version: 10.1.10-MariaDB
-- PHP Version: 5.6.19

SET SQL_MODE = "NO_AUTO_VALUE_ON_ZERO";
SET time_zone = "+00:00";


/*!40101 SET @OLD_CHARACTER_SET_CLIENT=@@CHARACTER_SET_CLIENT */;
/*!40101 SET @OLD_CHARACTER_SET_RESULTS=@@CHARACTER_SET_RESULTS */;
/*!40101 SET @OLD_COLLATION_CONNECTION=@@COLLATION_CONNECTION */;
/*!40101 SET NAMES utf8mb4 */;

--
-- Database: `perfumes`
--

-- --------------------------------------------------------

--
-- Table structure for table `brands`
--

CREATE TABLE `brands` (
  `id` int(11) NOT NULL,
  `brand_name` varchar(255) NOT NULL,
  `global_sale` int(11) NOT NULL,
  `sale_price` double NOT NULL,
  `global_off` int(11) NOT NULL,
  `off_price` int(11) NOT NULL
) ENGINE=InnoDB DEFAULT CHARSET=utf8;

--
-- Dumping data for table `brands`
--

INSERT INTO `brands` (`id`, `brand_name`, `global_sale`, `sale_price`, `global_off`, `off_price`) VALUES
(1, 'new brand', 0, 0, 0, 0),
(2, 'kamari', 0, 0, 0, 0),
(3, 'mega men', 0, 0, 0, 0),
(4, 'Koka kola', 0, 0, 0, 0),
(5, 'CICI', 0, 0, 0, 0),
(6, 'Armani', 0, 0, 0, 0),
(7, 'Benetton', 0, 0, 0, 0),
(8, 'Burberry', 0, 0, 0, 0),
(9, 'Azzaro', 0, 0, 0, 0),
(11, 'Bruno Banani', 0, 0, 0, 0),
(12, 'Bvlgari', 0, 0, 0, 0),
(13, 'Calvin Klein', 0, 0, 0, 0),
(14, 'Carolina Herrera', 0, 0, 0, 0),
(15, 'Cartier', 0, 0, 0, 0),
(16, 'Cerruti', 0, 0, 0, 0),
(17, 'Chanel', 0, 0, 0, 0),
(18, 'Davidoff', 0, 0, 0, 0),
(19, 'Diesel', 0, 0, 0, 0),
(20, 'Dolce & Gabbana', 0, 0, 0, 0),
(21, 'Dsquared', 0, 0, 0, 0),
(22, 'test brand', 0, 0, 0, 0);

-- --------------------------------------------------------

--
-- Table structure for table `categories`
--

CREATE TABLE `categories` (
  `id` int(11) NOT NULL,
  `category_name` varchar(255) NOT NULL
) ENGINE=InnoDB DEFAULT CHARSET=utf8;

--
-- Dumping data for table `categories`
--

INSERT INTO `categories` (`id`, `category_name`) VALUES
(1, 'men'),
(2, 'women'),
(3, 'unisex');

-- --------------------------------------------------------

--
-- Table structure for table `ci_sessions`
--

CREATE TABLE `ci_sessions` (
  `id` varchar(40) NOT NULL,
  `ip_address` varchar(45) NOT NULL,
  `timestamp` int(10) UNSIGNED NOT NULL DEFAULT '0',
  `data` blob NOT NULL
) ENGINE=InnoDB DEFAULT CHARSET=utf8;

--
-- Dumping data for table `ci_sessions`
--

INSERT INTO `ci_sessions` (`id`, `ip_address`, `timestamp`, `data`) VALUES
('00fc1b1cb31a3936ef17f15a5cc0bf02715bec30', '::1', 1467958765, 0x5f5f63695f6c6173745f726567656e65726174657c693a313436373935383531363b69647c733a313a2232223b66697273745f6e616d657c733a353a2244616e656c223b6c6173745f6e616d657c733a383a224275636876617461223b66756c6c4e616d657c733a31343a2244616e656c204275636876617461223b656d61696c7c733a31313a2264616e406d61696c2e6267223b726f6c657c733a313a2231223b70617373776f72647c733a323a223131223b),
('0a37fb37195e78f0334b6be9debece580bbaf7f2', '::1', 1467978062, 0x5f5f63695f6c6173745f726567656e65726174657c693a313436373937373835313b69647c733a313a2232223b66697273745f6e616d657c733a353a2244616e656c223b6c6173745f6e616d657c733a383a224275636876617461223b66756c6c4e616d657c733a31343a2244616e656c204275636876617461223b656d61696c7c733a31313a2264616e406d61696c2e6267223b726f6c657c733a313a2231223b70617373776f72647c733a323a223131223b),
('0d5bd38f0d31281993c1483e822076679cc8ff8b', '::1', 1467899684, 0x5f5f63695f6c6173745f726567656e65726174657c693a313436373839393431363b),
('0e889c0ce700947c685eae21de3dfb5f88ade206', '::1', 1467897890, 0x5f5f63695f6c6173745f726567656e65726174657c693a313436373839373630373b),
('15dd22e14b767d3fb2b5ad579cc96013bd0f202c', '::1', 1467896548, 0x5f5f63695f6c6173745f726567656e65726174657c693a313436373839363332313b),
('25ad4d0141e2e0a7c007b86575f32be65b92450a', '::1', 1467899082, 0x5f5f63695f6c6173745f726567656e65726174657c693a313436373839383935393b),
('27684604bbd805441e6c096955e7e2f4c2397b18', '::1', 1467960960, 0x5f5f63695f6c6173745f726567656e65726174657c693a313436373936303637373b69647c733a313a2232223b66697273745f6e616d657c733a353a2244616e656c223b6c6173745f6e616d657c733a383a224275636876617461223b66756c6c4e616d657c733a31343a2244616e656c204275636876617461223b656d61696c7c733a31313a2264616e406d61696c2e6267223b726f6c657c733a313a2231223b70617373776f72647c733a323a223131223b),
('2920b78f33e73cdf9888cbc1ec759d269c5c4fd9', '::1', 1467976956, 0x5f5f63695f6c6173745f726567656e65726174657c693a313436373937363732363b69647c733a313a2232223b66697273745f6e616d657c733a353a2244616e656c223b6c6173745f6e616d657c733a383a224275636876617461223b66756c6c4e616d657c733a31343a2244616e656c204275636876617461223b656d61696c7c733a31313a2264616e406d61696c2e6267223b726f6c657c733a313a2231223b70617373776f72647c733a323a223131223b),
('2a00da90de7950bcd75d110b7425ddb4bc838fc4', '::1', 1467895313, 0x5f5f63695f6c6173745f726567656e65726174657c693a313436373839353031323b),
('2fcdc41b7ad79d07fc4ba00a0a967293adae2b2d', '::1', 1467897605, 0x5f5f63695f6c6173745f726567656e65726174657c693a313436373839363734373b),
('33122f0965af36ecfadf813413d46b5b48e3ac58', '::1', 1467960527, 0x5f5f63695f6c6173745f726567656e65726174657c693a313436373936303332353b69647c733a313a2232223b66697273745f6e616d657c733a353a2244616e656c223b6c6173745f6e616d657c733a383a224275636876617461223b66756c6c4e616d657c733a31343a2244616e656c204275636876617461223b656d61696c7c733a31313a2264616e406d61696c2e6267223b726f6c657c733a313a2231223b70617373776f72647c733a323a223131223b),
('3c383eb2b6fc98501ebbf9402c4a59f32b90c57c', '::1', 1467979234, 0x5f5f63695f6c6173745f726567656e65726174657c693a313436373937393036383b69647c733a313a2232223b66697273745f6e616d657c733a353a2244616e656c223b6c6173745f6e616d657c733a383a224275636876617461223b66756c6c4e616d657c733a31343a2244616e656c204275636876617461223b656d61696c7c733a31313a2264616e406d61696c2e6267223b726f6c657c733a313a2231223b70617373776f72647c733a323a223131223b),
('4156299223b8261dbdff08bd65ccfc3e07b5f76f', '::1', 1467975014, 0x5f5f63695f6c6173745f726567656e65726174657c693a313436373937343831313b69647c733a313a2232223b66697273745f6e616d657c733a353a2244616e656c223b6c6173745f6e616d657c733a383a224275636876617461223b66756c6c4e616d657c733a31343a2244616e656c204275636876617461223b656d61696c7c733a31313a2264616e406d61696c2e6267223b726f6c657c733a313a2231223b70617373776f72647c733a323a223131223b),
('4bea71bb06ac9f59107302d642f2e216390b5b6a', '::1', 1467969290, 0x5f5f63695f6c6173745f726567656e65726174657c693a313436373936383035363b69647c733a313a2232223b66697273745f6e616d657c733a353a2244616e656c223b6c6173745f6e616d657c733a383a224275636876617461223b66756c6c4e616d657c733a31343a2244616e656c204275636876617461223b656d61696c7c733a31313a2264616e406d61696c2e6267223b726f6c657c733a313a2231223b70617373776f72647c733a323a223131223b),
('536a9ad2dcea55da2b93afa4dcaf4416a0c81eea', '::1', 1467898956, 0x5f5f63695f6c6173745f726567656e65726174657c693a313436373839383635383b),
('5e57d8cf003508e24eca5ff84f1e83ad6fa78ab1', '::1', 1467895827, 0x5f5f63695f6c6173745f726567656e65726174657c693a313436373839353733323b),
('66f2cbbe00a4494c3714f672ca5ca6be4a7e30e1', '::1', 1467969609, 0x5f5f63695f6c6173745f726567656e65726174657c693a313436373936393239363b69647c733a313a2232223b66697273745f6e616d657c733a353a2244616e656c223b6c6173745f6e616d657c733a383a224275636876617461223b66756c6c4e616d657c733a31343a2244616e656c204275636876617461223b656d61696c7c733a31313a2264616e406d61696c2e6267223b726f6c657c733a313a2231223b70617373776f72647c733a323a223131223b),
('6ed72cfb04adf2b0540b63a87fded4af27e5277e', '::1', 1467900301, 0x5f5f63695f6c6173745f726567656e65726174657c693a313436373930303138333b),
('76e50ea1622074f1bb1c5ccfe8dc3ca787d89a58', '::1', 1467980218, 0x5f5f63695f6c6173745f726567656e65726174657c693a313436373937393934303b69647c733a313a2232223b66697273745f6e616d657c733a353a2244616e656c223b6c6173745f6e616d657c733a383a224275636876617461223b66756c6c4e616d657c733a31343a2244616e656c204275636876617461223b656d61696c7c733a31313a2264616e406d61696c2e6267223b726f6c657c733a313a2231223b70617373776f72647c733a323a223131223b),
('7c556e4d5ca1854133aeb982d4d29bd45644820f', '::1', 1467977848, 0x5f5f63695f6c6173745f726567656e65726174657c693a313436373937373333363b69647c733a313a2232223b66697273745f6e616d657c733a353a2244616e656c223b6c6173745f6e616d657c733a383a224275636876617461223b66756c6c4e616d657c733a31343a2244616e656c204275636876617461223b656d61696c7c733a31313a2264616e406d61696c2e6267223b726f6c657c733a313a2231223b70617373776f72647c733a323a223131223b),
('8a914b34dd210d0db778225262ab9ab1d0ff834b', '::1', 1467967874, 0x5f5f63695f6c6173745f726567656e65726174657c693a313436373936373735313b69647c733a313a2232223b66697273745f6e616d657c733a353a2244616e656c223b6c6173745f6e616d657c733a383a224275636876617461223b66756c6c4e616d657c733a31343a2244616e656c204275636876617461223b656d61696c7c733a31313a2264616e406d61696c2e6267223b726f6c657c733a313a2231223b70617373776f72647c733a323a223131223b),
('8fc937f9f55f32b4f8336cfcab3181ac68d2453a', '::1', 1467900130, 0x5f5f63695f6c6173745f726567656e65726174657c693a313436373839393833333b),
('93eb8f4d3926bac9af400a32ba9cd1d705582658', '::1', 1467893432, 0x5f5f63695f6c6173745f726567656e65726174657c693a313436373839333335333b),
('9dc98c5708a725abca15f30cc79d1d47b3e35197', '::1', 1467971595, 0x5f5f63695f6c6173745f726567656e65726174657c693a313436373937313332343b69647c733a313a2232223b66697273745f6e616d657c733a353a2244616e656c223b6c6173745f6e616d657c733a383a224275636876617461223b66756c6c4e616d657c733a31343a2244616e656c204275636876617461223b656d61696c7c733a31313a2264616e406d61696c2e6267223b726f6c657c733a313a2231223b70617373776f72647c733a323a223131223b),
('a0a554ff47e4dc257ea56ad4d89087bde624ca69', '::1', 1467898303, 0x5f5f63695f6c6173745f726567656e65726174657c693a313436373839373938333b),
('a85c494f1b802a8f8f84ca58f129de7f397fccdc', '::1', 1467898654, 0x5f5f63695f6c6173745f726567656e65726174657c693a313436373839383330353b),
('b2e7b0b6e6feb48da853d92e0b6121265137087f', '::1', 1467973200, 0x5f5f63695f6c6173745f726567656e65726174657c693a313436373937323937343b69647c733a313a2232223b66697273745f6e616d657c733a353a2244616e656c223b6c6173745f6e616d657c733a383a224275636876617461223b66756c6c4e616d657c733a31343a2244616e656c204275636876617461223b656d61696c7c733a31313a2264616e406d61696c2e6267223b726f6c657c733a313a2231223b70617373776f72647c733a323a223131223b),
('c1b22ee79ec7a29f8f31cf1a5351b9f1644d58cd', '::1', 1467895454, 0x5f5f63695f6c6173745f726567656e65726174657c693a313436373839353331373b),
('cae85b12868dff270a1046ab3bba869abca9e742', '::1', 1467970983, 0x5f5f63695f6c6173745f726567656e65726174657c693a313436373937303731383b69647c733a313a2232223b66697273745f6e616d657c733a353a2244616e656c223b6c6173745f6e616d657c733a383a224275636876617461223b66756c6c4e616d657c733a31343a2244616e656c204275636876617461223b656d61696c7c733a31313a2264616e406d61696c2e6267223b726f6c657c733a313a2231223b70617373776f72647c733a323a223131223b),
('ce25c6d40b472a1cce3752b728b396b32f0f935e', '::1', 1467984621, 0x5f5f63695f6c6173745f726567656e65726174657c693a313436373938343630323b69647c733a313a2232223b66697273745f6e616d657c733a353a2244616e656c223b6c6173745f6e616d657c733a383a224275636876617461223b66756c6c4e616d657c733a31343a2244616e656c204275636876617461223b656d61696c7c733a31313a2264616e406d61696c2e6267223b726f6c657c733a313a2231223b70617373776f72647c733a323a223131223b),
('dd8af7a10c96cbaee5b9eef443bcccb26b719ae4', '::1', 1467974446, 0x5f5f63695f6c6173745f726567656e65726174657c693a313436373937343330363b69647c733a313a2232223b66697273745f6e616d657c733a353a2244616e656c223b6c6173745f6e616d657c733a383a224275636876617461223b66756c6c4e616d657c733a31343a2244616e656c204275636876617461223b656d61696c7c733a31313a2264616e406d61696c2e6267223b726f6c657c733a313a2231223b70617373776f72647c733a323a223131223b),
('e130c1524f1fbc96c1d22429a5f191ca449fcac3', '::1', 1467971922, 0x5f5f63695f6c6173745f726567656e65726174657c693a313436373937313932313b69647c733a313a2232223b66697273745f6e616d657c733a353a2244616e656c223b6c6173745f6e616d657c733a383a224275636876617461223b66756c6c4e616d657c733a31343a2244616e656c204275636876617461223b656d61696c7c733a31313a2264616e406d61696c2e6267223b726f6c657c733a313a2231223b70617373776f72647c733a323a223131223b),
('e23d1df3474b5eacd88be3aa0a38fc586d1b456c', '::1', 1467893191, 0x5f5f63695f6c6173745f726567656e65726174657c693a313436373839323832313b),
('e9d312e82229e9675916977b9eb5493e47080e82', '::1', 1467980494, 0x5f5f63695f6c6173745f726567656e65726174657c693a313436373938303334393b69647c733a313a2232223b66697273745f6e616d657c733a353a2244616e656c223b6c6173745f6e616d657c733a383a224275636876617461223b66756c6c4e616d657c733a31343a2244616e656c204275636876617461223b656d61696c7c733a31313a2264616e406d61696c2e6267223b726f6c657c733a313a2231223b70617373776f72647c733a323a223131223b),
('f4245efed5657dc626edd1821e4e13042f0df64a', '::1', 1467979898, 0x5f5f63695f6c6173745f726567656e65726174657c693a313436373937393632393b69647c733a313a2232223b66697273745f6e616d657c733a353a2244616e656c223b6c6173745f6e616d657c733a383a224275636876617461223b66756c6c4e616d657c733a31343a2244616e656c204275636876617461223b656d61696c7c733a31313a2264616e406d61696c2e6267223b726f6c657c733a313a2231223b70617373776f72647c733a323a223131223b),
('f5f8d2392586bf57ea886df5821764aeddd9109d', '::1', 1467973951, 0x5f5f63695f6c6173745f726567656e65726174657c693a313436373937333932373b69647c733a313a2232223b66697273745f6e616d657c733a353a2244616e656c223b6c6173745f6e616d657c733a383a224275636876617461223b66756c6c4e616d657c733a31343a2244616e656c204275636876617461223b656d61696c7c733a31313a2264616e406d61696c2e6267223b726f6c657c733a313a2231223b70617373776f72647c733a323a223131223b),
('ff841507248a21e4a55c6d2d4af22a6e6ed03024', '::1', 1467893940, 0x5f5f63695f6c6173745f726567656e65726174657c693a313436373839333932363b);

-- --------------------------------------------------------

--
-- Table structure for table `migrations`
--

CREATE TABLE `migrations` (
  `version` bigint(20) NOT NULL
) ENGINE=InnoDB DEFAULT CHARSET=utf8;

--
-- Dumping data for table `migrations`
--

INSERT INTO `migrations` (`version`) VALUES
(0);

-- --------------------------------------------------------

--
-- Table structure for table `pictures`
--

CREATE TABLE `pictures` (
  `id` int(11) NOT NULL,
  `product_id` int(11) NOT NULL,
  `source` varchar(255) NOT NULL,
  `is_cover` int(11) NOT NULL
) ENGINE=InnoDB DEFAULT CHARSET=utf8;

--
-- Dumping data for table `pictures`
--

INSERT INTO `pictures` (`id`, `product_id`, `source`, `is_cover`) VALUES
(71, 1, 'perfume1.jpg', 1),
(84, 69, 'perfume1.jpg', 1),
(126, 82, 'g1.png', 1),
(127, 83, 'b2.jpg', 1),
(128, 84, 'b7.jpg', 1),
(129, 85, 'b4.jpg', 1),
(130, 86, 'g1.png', 1),
(131, 87, 'c1.jpg', 1),
(132, 88, 'b1.jpg', 1),
(134, 89, 'g2.png', 1),
(135, 90, 'si.jpg', 1),
(138, 91, 'b1.jpg', 1),
(139, 92, 'p2.png', 1),
(140, 93, 'b2.jpg', 1),
(141, 94, 'c1.jpg', 1),
(142, 95, 'g2.png', 1),
(143, 96, 'b4.jpg', 1),
(144, 97, 'b5.jpg', 1),
(145, 71, 'urbane.jpg', 1),
(146, 72, 'Obsession-Perfume.jpg', 1),
(147, 72, 'perfumes-for-autumn-014.jpg', 0),
(148, 73, 'Obsession-Perfume.jpg', 1),
(150, 77, 'b3.jpg', 1),
(152, 80, 'b5.jpg', 1),
(155, 98, 'perfume1.jpg', 1),
(158, 100, 'b3.jpg', 1),
(163, 78, 'c1.jpg', 1),
(168, 99, 'g1.png', 1),
(173, 74, 'perfume1.jpg', 1),
(174, 79, 'b6.jpg', 1),
(175, 101, 'b1.jpg', 1),
(176, 101, 'b2.jpg', 0),
(177, 101, 'b3.jpg', 0),
(178, 101, 'b4.jpg', 0),
(183, 70, 'g2.png', 1),
(184, 70, 'g222222.png', 0),
(185, 76, 'perfume1.jpg', 1),
(186, 75, 'perfume1.jpg', 1),
(187, 81, 'p2.png', 1);

-- --------------------------------------------------------

--
-- Table structure for table `products`
--

CREATE TABLE `products` (
  `id` int(11) NOT NULL,
  `is_sale` int(11) NOT NULL,
  `cat_id` int(11) NOT NULL,
  `brand_id` int(11) NOT NULL,
  `created_time` int(11) NOT NULL,
  `product_name` varchar(255) NOT NULL,
  `slug` varchar(255) NOT NULL,
  `is_newest` int(1) NOT NULL,
  `description` longtext NOT NULL
) ENGINE=InnoDB DEFAULT CHARSET=utf8;

--
-- Dumping data for table `products`
--

INSERT INTO `products` (`id`, `is_sale`, `cat_id`, `brand_id`, `created_time`, `product_name`, `slug`, `is_newest`, `description`) VALUES
(70, 1, 1, 6, 1465587069, 'Product 2', 'product-2', 0, ''),
(71, 0, 3, 2, 1465587146, 'Product 3', 'product-3', 1, ''),
(72, 0, 3, 3, 1465592819, 'Product 5', 'product-5', 1, ''),
(73, 0, 3, 2, 1465592916, 'Product 6', 'product-6', 1, ''),
(74, 1, 1, 6, 1465593983, 'Product textarea', 'product-textarea', 1, ''),
(75, 0, 1, 6, 1465594063, 'prdicfa2', 'prdicfa2', 1, ''),
(76, 0, 1, 6, 1465594247, 'name 2', 'name-2', 1, 'test\ntest1\n'),
(77, 1, 1, 6, 1465633849, 'Product 7', 'product-7', 1, 'Product 7 Description'),
(78, 1, 2, 4, 1465634070, 'Product 8', 'product-8', 1, 'Product 8 Description'),
(79, 1, 3, 6, 1465634442, 'Product 9.1', 'product-91', 1, 'Product 9 Description'),
(80, 1, 1, 6, 1465635731, 'Product 9', 'product-9', 1, 'Product 9 Description'),
(81, 1, 1, 6, 1465636464, 'Product 10', 'product-10', 1, 'Product 10 Description'),
(82, 0, 2, 13, 1465636496, 'Product 11', 'product-11', 1, 'Product 11 Description'),
(83, 0, 3, 15, 1465636533, 'Product 12', 'product-12', 1, 'Product 12 Description'),
(84, 0, 1, 18, 1465636622, 'Product 13', 'product-13', 1, 'Product 13 Description'),
(85, 1, 3, 16, 1465636664, 'Product 14', 'product-14', 1, 'Product 14 Decription'),
(86, 0, 1, 19, 1465636721, 'Product 15', 'product-15', 1, 'Product 15 Description'),
(87, 1, 2, 9, 1465636779, 'Product 16', 'product-16', 1, 'Product 16 Description'),
(88, 1, 1, 3, 1465636835, 'Product 17', 'product-17', 1, 'Product 17 Description'),
(89, 1, 3, 20, 1465636872, 'Product 18', 'product-18', 1, 'Product 18 Description'),
(90, 0, 2, 8, 1465636923, 'Product 19', 'product-19', 1, 'Product 19 Description'),
(91, 0, 2, 17, 1465636952, 'Product 20', 'product-20', 1, 'Product 20 Description'),
(92, 1, 1, 21, 1465637001, 'Product 21', 'product-21', 1, 'Product 21 Description'),
(93, 0, 3, 11, 1465637042, 'Product 22', 'product-22', 1, 'Product 22 Description'),
(94, 0, 2, 6, 1465637081, 'Product 23', 'product-23', 1, 'Product 23 Description'),
(95, 0, 1, 18, 1465637114, 'Product 24', 'product-24', 1, 'Product 24 Description'),
(96, 0, 3, 16, 1465637143, 'Product 25', 'product-25', 1, 'Product 25 Description'),
(97, 0, 2, 16, 1465637181, 'Product 26', 'product-26', 1, 'Product 26 Description'),
(98, 1, 2, 4, 1465673344, 'Promotion 1', 'promotion-1', 0, 'asdasd'),
(99, 1, 2, 7, 1465673367, 'Promotions 2', 'promotions-2', 0, 'asdasd'),
(100, 1, 1, 9, 1466157497, 'Product 27', 'product-27', 1, 'Product 27 Description'),
(101, 1, 3, 3, 1466160369, 'Test product', 'test-product', 1, 'Test product description');

-- --------------------------------------------------------

--
-- Table structure for table `product_options`
--

CREATE TABLE `product_options` (
  `id` int(11) NOT NULL,
  `product_id` int(11) NOT NULL,
  `ml` int(11) NOT NULL,
  `price` double NOT NULL,
  `sale_price` double NOT NULL,
  `off_percentage` int(11) NOT NULL,
  `quantity` int(11) NOT NULL
) ENGINE=InnoDB DEFAULT CHARSET=utf8;

--
-- Dumping data for table `product_options`
--

INSERT INTO `product_options` (`id`, `product_id`, `ml`, `price`, `sale_price`, `off_percentage`, `quantity`) VALUES
(63, 1, 44, 100, 78, 22, 123),
(64, 1, 44, 100, 78, 22, 123),
(65, 1, 44, 100, 78, 22, 123),
(84, 69, 44, 100, 0, 0, 123),
(132, 82, 11, 11, 0, 0, 0),
(133, 83, 123, 123, 0, 0, 0),
(134, 84, 1233, 100, 0, 0, 0),
(135, 85, 212, 222, 173, 22, 0),
(136, 86, 111, 111, 0, 0, 0),
(137, 87, 32, 22, 20, 10, 2),
(138, 88, 232, 222, 22, 91, 22),
(140, 89, 33, 33, 31, 7, 2),
(141, 90, 212, 22, 0, 0, 0),
(144, 91, 222, 222, 0, 0, 0),
(145, 92, 22, 100, 78, 22, 222),
(146, 92, 100, 55, 23, 59, 23),
(147, 93, 22, 22, 0, 0, 0),
(148, 94, 22, 22, 0, 0, 0),
(149, 95, 22, 22, 0, 0, 0),
(150, 96, 123, 123, 0, 0, 0),
(151, 97, 111, 111, 0, 0, 0),
(152, 71, 11, 220, 0, 0, 0),
(153, 72, 100, 100, 0, 0, 0),
(154, 73, 11, 222, 0, 0, 0),
(156, 77, 100, 120, 80, 34, 20),
(158, 80, 111, 100, 22, 78, 21),
(162, 98, 11, 100, 25, 75, 123),
(165, 100, 100, 100, 76, 24, 10),
(169, 78, 122, 33, 16.5, 50, 22),
(170, 78, 100, 100, 0, 0, 10),
(183, 99, 44, 444, 123, 73, 0),
(184, 99, 200, 200, 80, 60, 0),
(194, 74, 11, 111, 0, 0, 0),
(195, 74, 120, 80, 60, 25, 0),
(196, 79, 112, 80, 32, 60, 44),
(197, 79, 112, 70, 30, 58, 44),
(198, 79, 150, 100, 0, 0, 0),
(199, 101, 100, 100, 55, 45, 10),
(200, 101, 200, 200, 0, 0, 20),
(201, 101, 300, 300, 40, 87, 30),
(206, 70, 220, 100, 20, 80, 123),
(207, 70, 2200, 80, 60, 25, 123),
(208, 76, 111, 111, 0, 0, 0),
(209, 75, 11, 222, 0, 0, 0),
(210, 81, 111, 100, 0, 0, 22),
(211, 81, 60, 50, 40, 20, 22),
(212, 81, 40, 20, 19, 5, 30),
(213, 81, 140, 120, 60, 50, 2);

-- --------------------------------------------------------

--
-- Table structure for table `users`
--

CREATE TABLE `users` (
  `id` int(11) NOT NULL,
  `role` int(11) NOT NULL,
  `first_name` varchar(255) NOT NULL,
  `last_name` varchar(255) NOT NULL,
  `email` varchar(255) NOT NULL,
  `password` varchar(255) NOT NULL,
  `is_newsletter` tinyint(1) NOT NULL
) ENGINE=InnoDB DEFAULT CHARSET=utf8;

--
-- Dumping data for table `users`
--

INSERT INTO `users` (`id`, `role`, `first_name`, `last_name`, `email`, `password`, `is_newsletter`) VALUES
(1, 2, 'Petko', 'Hristata', 'skotovadec@mail.bg', '123', 0),
(2, 1, 'Danel', 'Buchvata', 'dan@mail.bg', '11', 0),
(13, 2, 'petka', 'ta', 'pro@mail.bg', '123', 1),
(14, 2, 'Danka', 'Petrova', 'peturhristozovps@gmail.com', '123', 1),
(15, 2, 'Koc', 'Z', 'knzapryanov@gmail.com', '123', 0);

--
-- Indexes for dumped tables
--

--
-- Indexes for table `brands`
--
ALTER TABLE `brands`
  ADD PRIMARY KEY (`id`);

--
-- Indexes for table `categories`
--
ALTER TABLE `categories`
  ADD PRIMARY KEY (`id`);

--
-- Indexes for table `ci_sessions`
--
ALTER TABLE `ci_sessions`
  ADD PRIMARY KEY (`id`),
  ADD KEY `ci_sessions_timestamp` (`timestamp`);

--
-- Indexes for table `pictures`
--
ALTER TABLE `pictures`
  ADD PRIMARY KEY (`id`);

--
-- Indexes for table `products`
--
ALTER TABLE `products`
  ADD UNIQUE KEY `id` (`id`);

--
-- Indexes for table `product_options`
--
ALTER TABLE `product_options`
  ADD PRIMARY KEY (`id`);

--
-- Indexes for table `users`
--
ALTER TABLE `users`
  ADD PRIMARY KEY (`id`);

--
-- AUTO_INCREMENT for dumped tables
--

--
-- AUTO_INCREMENT for table `brands`
--
ALTER TABLE `brands`
  MODIFY `id` int(11) NOT NULL AUTO_INCREMENT, AUTO_INCREMENT=23;
--
-- AUTO_INCREMENT for table `categories`
--
ALTER TABLE `categories`
  MODIFY `id` int(11) NOT NULL AUTO_INCREMENT, AUTO_INCREMENT=4;
--
-- AUTO_INCREMENT for table `pictures`
--
ALTER TABLE `pictures`
  MODIFY `id` int(11) NOT NULL AUTO_INCREMENT, AUTO_INCREMENT=188;
--
-- AUTO_INCREMENT for table `products`
--
ALTER TABLE `products`
  MODIFY `id` int(11) NOT NULL AUTO_INCREMENT, AUTO_INCREMENT=102;
--
-- AUTO_INCREMENT for table `product_options`
--
ALTER TABLE `product_options`
  MODIFY `id` int(11) NOT NULL AUTO_INCREMENT, AUTO_INCREMENT=214;
--
-- AUTO_INCREMENT for table `users`
--
ALTER TABLE `users`
  MODIFY `id` int(11) NOT NULL AUTO_INCREMENT, AUTO_INCREMENT=16;
/*!40101 SET CHARACTER_SET_CLIENT=@OLD_CHARACTER_SET_CLIENT */;
/*!40101 SET CHARACTER_SET_RESULTS=@OLD_CHARACTER_SET_RESULTS */;
/*!40101 SET COLLATION_CONNECTION=@OLD_COLLATION_CONNECTION */;
