-- phpMyAdmin SQL Dump
-- version 4.5.1
-- http://www.phpmyadmin.net
--
-- Host: 127.0.0.1
-- Generation Time: Jun 30, 2016 at 08:42 PM
-- Server version: 10.1.10-MariaDB
-- PHP Version: 5.6.19

SET SQL_MODE = "NO_AUTO_VALUE_ON_ZERO";
SET time_zone = "+00:00";


/*!40101 SET @OLD_CHARACTER_SET_CLIENT=@@CHARACTER_SET_CLIENT */;
/*!40101 SET @OLD_CHARACTER_SET_RESULTS=@@CHARACTER_SET_RESULTS */;
/*!40101 SET @OLD_COLLATION_CONNECTION=@@COLLATION_CONNECTION */;
/*!40101 SET NAMES utf8mb4 */;

--
-- Database: `perfumes`
--

-- --------------------------------------------------------

--
-- Table structure for table `brands`
--

CREATE TABLE `brands` (
  `id` int(11) NOT NULL,
  `brand_name` varchar(255) NOT NULL,
  `global_sale` int(11) NOT NULL,
  `sale_price` double NOT NULL,
  `global_off` int(11) NOT NULL,
  `off_price` int(11) NOT NULL
) ENGINE=InnoDB DEFAULT CHARSET=utf8;

--
-- Dumping data for table `brands`
--

INSERT INTO `brands` (`id`, `brand_name`, `global_sale`, `sale_price`, `global_off`, `off_price`) VALUES
(1, 'new brand', 0, 0, 0, 0),
(2, 'kamari', 0, 0, 0, 0),
(3, 'mega men', 0, 0, 0, 0),
(4, 'Koka kola', 0, 0, 0, 0),
(5, 'CICI', 0, 0, 0, 0),
(6, 'Armani', 0, 0, 0, 0),
(7, 'Benetton', 0, 0, 0, 0),
(8, 'Burberry', 0, 0, 0, 0),
(9, 'Azzaro', 0, 0, 0, 0),
(10, 'Armani', 0, 0, 0, 0),
(11, 'Bruno Banani', 0, 0, 0, 0),
(12, 'Bvlgari', 0, 0, 0, 0),
(13, 'Calvin Klein', 0, 0, 0, 0),
(14, 'Carolina Herrera', 0, 0, 0, 0),
(15, 'Cartier', 0, 0, 0, 0),
(16, 'Cerruti', 0, 0, 0, 0),
(17, 'Chanel', 0, 0, 0, 0),
(18, 'Davidoff', 0, 0, 0, 0),
(19, 'Diesel', 0, 0, 0, 0),
(20, 'Dolce & Gabbana', 0, 0, 0, 0),
(21, 'Dsquared', 0, 0, 0, 0);

-- --------------------------------------------------------

--
-- Table structure for table `categories`
--

CREATE TABLE `categories` (
  `id` int(11) NOT NULL,
  `category_name` varchar(255) NOT NULL
) ENGINE=InnoDB DEFAULT CHARSET=utf8;

--
-- Dumping data for table `categories`
--

INSERT INTO `categories` (`id`, `category_name`) VALUES
(1, 'men'),
(2, 'women'),
(3, 'unisex');

-- --------------------------------------------------------

--
-- Table structure for table `ci_sessions`
--

CREATE TABLE `ci_sessions` (
  `id` varchar(40) NOT NULL,
  `ip_address` varchar(45) NOT NULL,
  `timestamp` int(10) UNSIGNED NOT NULL DEFAULT '0',
  `data` blob NOT NULL
) ENGINE=InnoDB DEFAULT CHARSET=utf8;

--
-- Dumping data for table `ci_sessions`
--

INSERT INTO `ci_sessions` (`id`, `ip_address`, `timestamp`, `data`) VALUES
('013b6184e45391bfe9fc5699a58eeba7bcc1669e', '::1', 1467120694, 0x5f5f63695f6c6173745f726567656e65726174657c693a313436373132303433323b69647c733a313a2232223b66697273745f6e616d657c733a353a2244616e656c223b6c6173745f6e616d657c733a383a224275636876617461223b66756c6c4e616d657c733a31343a2244616e656c204275636876617461223b656d61696c7c733a31313a2264616e406d61696c2e6267223b726f6c657c733a313a2231223b70617373776f72647c733a323a223131223b),
('041a817879406a4ef06fd372cbfc2ede4c4dd979', '::1', 1467107427, 0x5f5f63695f6c6173745f726567656e65726174657c693a313436373130373137353b),
('19c120894b716dcd8480af0bed0647533305fbe4', '::1', 1467115585, 0x5f5f63695f6c6173745f726567656e65726174657c693a313436373131353330313b69647c733a313a2232223b66697273745f6e616d657c733a353a2244616e656c223b6c6173745f6e616d657c733a383a224275636876617461223b66756c6c4e616d657c733a31343a2244616e656c204275636876617461223b656d61696c7c733a31313a2264616e406d61696c2e6267223b726f6c657c733a313a2231223b70617373776f72647c733a323a223131223b),
('1dbb6c54ac456d97f9b768f0c8e263ee0efaa638', '::1', 1467205904, 0x5f5f63695f6c6173745f726567656e65726174657c693a313436373230353833303b69647c733a313a2232223b66697273745f6e616d657c733a353a2244616e656c223b6c6173745f6e616d657c733a383a224275636876617461223b66756c6c4e616d657c733a31343a2244616e656c204275636876617461223b656d61696c7c733a31313a2264616e406d61696c2e6267223b726f6c657c733a313a2231223b70617373776f72647c733a323a223131223b),
('2444b613d34187f41138890e977936c25f807a9d', '::1', 1467209853, 0x5f5f63695f6c6173745f726567656e65726174657c693a313436373230393830313b),
('2ebf0d7662bae29d299f2606d9c919f0f3c6f191', '::1', 1467306369, 0x5f5f63695f6c6173745f726567656e65726174657c693a313436373330363034363b),
('31155e2fe7cd5b31f8fd68d0017878a808cca999', '::1', 1467110145, 0x5f5f63695f6c6173745f726567656e65726174657c693a313436373130393835393b69647c733a313a2232223b66697273745f6e616d657c733a353a2244616e656c223b6c6173745f6e616d657c733a383a224275636876617461223b66756c6c4e616d657c733a31343a2244616e656c204275636876617461223b656d61696c7c733a31313a2264616e406d61696c2e6267223b726f6c657c733a313a2231223b70617373776f72647c733a323a223131223b),
('31ed749a3e6144e917794e513f4e03a292973532', '::1', 1467208649, 0x5f5f63695f6c6173745f726567656e65726174657c693a313436373230383335333b69647c733a313a2232223b66697273745f6e616d657c733a353a2244616e656c223b6c6173745f6e616d657c733a383a224275636876617461223b66756c6c4e616d657c733a31343a2244616e656c204275636876617461223b656d61696c7c733a31313a2264616e406d61696c2e6267223b726f6c657c733a313a2231223b70617373776f72647c733a323a223131223b),
('37b9364a7b6f8e8c7a5c3b45f8dd6082c5dd246e', '::1', 1467113923, 0x5f5f63695f6c6173745f726567656e65726174657c693a313436373131333737393b69647c733a313a2232223b66697273745f6e616d657c733a353a2244616e656c223b6c6173745f6e616d657c733a383a224275636876617461223b66756c6c4e616d657c733a31343a2244616e656c204275636876617461223b656d61696c7c733a31313a2264616e406d61696c2e6267223b726f6c657c733a313a2231223b70617373776f72647c733a323a223131223b),
('3cfe571123d3e4b995d9711fec8adfb5bcda017b', '::1', 1467218303, 0x5f5f63695f6c6173745f726567656e65726174657c693a313436373231383235393b69647c733a313a2232223b66697273745f6e616d657c733a353a2244616e656c223b6c6173745f6e616d657c733a383a224275636876617461223b66756c6c4e616d657c733a31343a2244616e656c204275636876617461223b656d61696c7c733a31313a2264616e406d61696c2e6267223b726f6c657c733a313a2231223b70617373776f72647c733a323a223131223b),
('3efa9134115215186740343f979597a0d80a9607', '::1', 1467109100, 0x5f5f63695f6c6173745f726567656e65726174657c693a313436373130383830313b69647c733a313a2232223b66697273745f6e616d657c733a353a2244616e656c223b6c6173745f6e616d657c733a383a224275636876617461223b66756c6c4e616d657c733a31343a2244616e656c204275636876617461223b656d61696c7c733a31313a2264616e406d61696c2e6267223b726f6c657c733a313a2231223b70617373776f72647c733a323a223131223b),
('438a38346f85373687736a08a6aa31c8dae0e640', '::1', 1467195220, 0x5f5f63695f6c6173745f726567656e65726174657c693a313436373139343733393b),
('443f008e4495c7d4e63e98c86cee439831b99a04', '::1', 1467116239, 0x5f5f63695f6c6173745f726567656e65726174657c693a313436373131363232353b69647c733a313a2232223b66697273745f6e616d657c733a353a2244616e656c223b6c6173745f6e616d657c733a383a224275636876617461223b66756c6c4e616d657c733a31343a2244616e656c204275636876617461223b656d61696c7c733a31313a2264616e406d61696c2e6267223b726f6c657c733a313a2231223b70617373776f72647c733a323a223131223b),
('4a1337da64755904fb49ea526e5045a60b3e380e', '::1', 1467113719, 0x5f5f63695f6c6173745f726567656e65726174657c693a313436373131333231323b69647c733a313a2232223b66697273745f6e616d657c733a353a2244616e656c223b6c6173745f6e616d657c733a383a224275636876617461223b66756c6c4e616d657c733a31343a2244616e656c204275636876617461223b656d61696c7c733a31313a2264616e406d61696c2e6267223b726f6c657c733a313a2231223b70617373776f72647c733a323a223131223b),
('53f68a5acf782815501040eea0574f9e7e676127', '::1', 1467309541, 0x5f5f63695f6c6173745f726567656e65726174657c693a313436373330393335363b69647c733a313a2232223b66697273745f6e616d657c733a353a2244616e656c223b6c6173745f6e616d657c733a383a224275636876617461223b66756c6c4e616d657c733a31343a2244616e656c204275636876617461223b656d61696c7c733a31313a2264616e406d61696c2e6267223b726f6c657c733a313a2231223b70617373776f72647c733a323a223131223b),
('5bf353d8f4db70fbe2583e5cee0cd05b6ebb62a9', '::1', 1467219221, 0x5f5f63695f6c6173745f726567656e65726174657c693a313436373231383933353b69647c733a313a2232223b66697273745f6e616d657c733a353a2244616e656c223b6c6173745f6e616d657c733a383a224275636876617461223b66756c6c4e616d657c733a31343a2244616e656c204275636876617461223b656d61696c7c733a31313a2264616e406d61696c2e6267223b726f6c657c733a313a2231223b70617373776f72647c733a323a223131223b),
('62106f28ee017bc4c3ef5da08e4e2d3d79b159f6', '::1', 1467112124, 0x5f5f63695f6c6173745f726567656e65726174657c693a313436373131323038383b69647c733a313a2232223b66697273745f6e616d657c733a353a2244616e656c223b6c6173745f6e616d657c733a383a224275636876617461223b66756c6c4e616d657c733a31343a2244616e656c204275636876617461223b656d61696c7c733a31313a2264616e406d61696c2e6267223b726f6c657c733a313a2231223b70617373776f72647c733a323a223131223b),
('629aa56f73add2518a12d85a1ee06ad9bd6f5adb', '::1', 1467311775, 0x5f5f63695f6c6173745f726567656e65726174657c693a313436373331313733363b69647c733a313a2232223b66697273745f6e616d657c733a353a2244616e656c223b6c6173745f6e616d657c733a383a224275636876617461223b66756c6c4e616d657c733a31343a2244616e656c204275636876617461223b656d61696c7c733a31313a2264616e406d61696c2e6267223b726f6c657c733a313a2231223b70617373776f72647c733a323a223131223b),
('653bc647df0c8a3bd1e0e52566373e46e96f67ce', '::1', 1467108382, 0x5f5f63695f6c6173745f726567656e65726174657c693a313436373130383130393b),
('693e3a4c76c1442232a3091c8dd58016b466eb9c', '::1', 1467109140, 0x5f5f63695f6c6173745f726567656e65726174657c693a313436373130393130323b69647c733a313a2232223b66697273745f6e616d657c733a353a2244616e656c223b6c6173745f6e616d657c733a383a224275636876617461223b66756c6c4e616d657c733a31343a2244616e656c204275636876617461223b656d61696c7c733a31313a2264616e406d61696c2e6267223b726f6c657c733a313a2231223b70617373776f72647c733a323a223131223b),
('6959e03437a2cac76f9fb8df288b3557884b3e2d', '::1', 1467205824, 0x5f5f63695f6c6173745f726567656e65726174657c693a313436373230353532393b69647c733a313a2232223b66697273745f6e616d657c733a353a2244616e656c223b6c6173745f6e616d657c733a383a224275636876617461223b66756c6c4e616d657c733a31343a2244616e656c204275636876617461223b656d61696c7c733a31313a2264616e406d61696c2e6267223b726f6c657c733a313a2231223b70617373776f72647c733a323a223131223b),
('69a845506cae5fd087a56d8179e0cd9fb9c75312', '::1', 1467122655, 0x5f5f63695f6c6173745f726567656e65726174657c693a313436373132323436383b69647c733a313a2232223b66697273745f6e616d657c733a353a2244616e656c223b6c6173745f6e616d657c733a383a224275636876617461223b66756c6c4e616d657c733a31343a2244616e656c204275636876617461223b656d61696c7c733a31313a2264616e406d61696c2e6267223b726f6c657c733a313a2231223b70617373776f72647c733a323a223131223b),
('6a6c5dc4f08dddccaaf96ece14253aa48d5748e1', '::1', 1467216804, 0x5f5f63695f6c6173745f726567656e65726174657c693a313436373231363537313b),
('77ee4c7bc4ee3b63e4735d9dd8d64028cea581d9', '::1', 1467109587, 0x5f5f63695f6c6173745f726567656e65726174657c693a313436373130393439303b69647c733a313a2232223b66697273745f6e616d657c733a353a2244616e656c223b6c6173745f6e616d657c733a383a224275636876617461223b66756c6c4e616d657c733a31343a2244616e656c204275636876617461223b656d61696c7c733a31313a2264616e406d61696c2e6267223b726f6c657c733a313a2231223b70617373776f72647c733a323a223131223b),
('7f82d133fa9b2e878586b24f3a1655a030c77a9a', '::1', 1467116037, 0x5f5f63695f6c6173745f726567656e65726174657c693a313436373131353736383b69647c733a313a2232223b66697273745f6e616d657c733a353a2244616e656c223b6c6173745f6e616d657c733a383a224275636876617461223b66756c6c4e616d657c733a31343a2244616e656c204275636876617461223b656d61696c7c733a31313a2264616e406d61696c2e6267223b726f6c657c733a313a2231223b70617373776f72647c733a323a223131223b),
('7ff7c4abb2802d028898bda4af815d5e4ed13cb7', '::1', 1467216947, 0x5f5f63695f6c6173745f726567656e65726174657c693a313436373231363837393b),
('81c09b7e7e97926b6aa67391593bd33af1eaf23e', '::1', 1467116999, 0x5f5f63695f6c6173745f726567656e65726174657c693a313436373131363836363b69647c733a313a2232223b66697273745f6e616d657c733a353a2244616e656c223b6c6173745f6e616d657c733a383a224275636876617461223b66756c6c4e616d657c733a31343a2244616e656c204275636876617461223b656d61696c7c733a31313a2264616e406d61696c2e6267223b726f6c657c733a313a2231223b70617373776f72647c733a323a223131223b),
('81dabae2788d46d86db75a1d8208ffa6f5bc3a76', '::1', 1467110645, 0x5f5f63695f6c6173745f726567656e65726174657c693a313436373131303538363b69647c733a313a2232223b66697273745f6e616d657c733a353a2244616e656c223b6c6173745f6e616d657c733a383a224275636876617461223b66756c6c4e616d657c733a31343a2244616e656c204275636876617461223b656d61696c7c733a31313a2264616e406d61696c2e6267223b726f6c657c733a313a2231223b70617373776f72647c733a323a223131223b),
('8a5905bbbd371ca09fdbb9ca266a9a417f5eacdb', '::1', 1467280818, 0x5f5f63695f6c6173745f726567656e65726174657c693a313436373238303732373b),
('8c10a5b20b707129eec86c22610f49e48a126d5c', '::1', 1467119784, 0x5f5f63695f6c6173745f726567656e65726174657c693a313436373131393736323b69647c733a313a2232223b66697273745f6e616d657c733a353a2244616e656c223b6c6173745f6e616d657c733a383a224275636876617461223b66756c6c4e616d657c733a31343a2244616e656c204275636876617461223b656d61696c7c733a31313a2264616e406d61696c2e6267223b726f6c657c733a313a2231223b70617373776f72647c733a323a223131223b),
('8dbd8bd4263fe8978637a1ac302f4f16f09ae505', '::1', 1467215310, 0x5f5f63695f6c6173745f726567656e65726174657c693a313436373231353230383b),
('8f6b6fc2a03aef6a193dfd096dc56f92289424ca', '::1', 1467110410, 0x5f5f63695f6c6173745f726567656e65726174657c693a313436373131303139343b69647c733a313a2232223b66697273745f6e616d657c733a353a2244616e656c223b6c6173745f6e616d657c733a383a224275636876617461223b66756c6c4e616d657c733a31343a2244616e656c204275636876617461223b656d61696c7c733a31313a2264616e406d61696c2e6267223b726f6c657c733a313a2231223b70617373776f72647c733a323a223131223b),
('9418f49161bfaae94db753236dda4d68f675b6bf', '::1', 1467310182, 0x5f5f63695f6c6173745f726567656e65726174657c693a313436373330393838333b69647c733a313a2232223b66697273745f6e616d657c733a353a2244616e656c223b6c6173745f6e616d657c733a383a224275636876617461223b66756c6c4e616d657c733a31343a2244616e656c204275636876617461223b656d61696c7c733a31313a2264616e406d61696c2e6267223b726f6c657c733a313a2231223b70617373776f72647c733a323a223131223b),
('9444010f8621142ac571dafff9cd4cae367633dc', '::1', 1467196172, 0x5f5f63695f6c6173745f726567656e65726174657c693a313436373139363030323b69647c733a313a2232223b66697273745f6e616d657c733a353a2244616e656c223b6c6173745f6e616d657c733a383a224275636876617461223b66756c6c4e616d657c733a31343a2244616e656c204275636876617461223b656d61696c7c733a31313a2264616e406d61696c2e6267223b726f6c657c733a313a2231223b70617373776f72647c733a323a223131223b),
('94d95b7d123607c5c11fd343e3797667fdec1871', '::1', 1467107677, 0x5f5f63695f6c6173745f726567656e65726174657c693a313436373130373538393b),
('a05df73848ec5815466813ad51e99dd0ffe8c7a3', '::1', 1467121181, 0x5f5f63695f6c6173745f726567656e65726174657c693a313436373132313039343b69647c733a313a2232223b66697273745f6e616d657c733a353a2244616e656c223b6c6173745f6e616d657c733a383a224275636876617461223b66756c6c4e616d657c733a31343a2244616e656c204275636876617461223b656d61696c7c733a31313a2264616e406d61696c2e6267223b726f6c657c733a313a2231223b70617373776f72647c733a323a223131223b),
('a556beeb8a288ff09d52312f1152c8c67b4b8c4e', '::1', 1467307141, 0x5f5f63695f6c6173745f726567656e65726174657c693a313436373330363731363b69647c733a313a2232223b66697273745f6e616d657c733a353a2244616e656c223b6c6173745f6e616d657c733a383a224275636876617461223b66756c6c4e616d657c733a31343a2244616e656c204275636876617461223b656d61696c7c733a31313a2264616e406d61696c2e6267223b726f6c657c733a313a2231223b70617373776f72647c733a323a223131223b),
('a62cfd0c18e25f113c9d1ed229b136ea8f6963a1', '::1', 1467310665, 0x5f5f63695f6c6173745f726567656e65726174657c693a313436373331303636353b69647c733a313a2232223b66697273745f6e616d657c733a353a2244616e656c223b6c6173745f6e616d657c733a383a224275636876617461223b66756c6c4e616d657c733a31343a2244616e656c204275636876617461223b656d61696c7c733a31313a2264616e406d61696c2e6267223b726f6c657c733a313a2231223b70617373776f72647c733a323a223131223b),
('abb7802da6cf40478ba7e25c7e792826bcb39d58', '::1', 1467306392, 0x5f5f63695f6c6173745f726567656e65726174657c693a313436373330363337363b69647c733a313a2232223b66697273745f6e616d657c733a353a2244616e656c223b6c6173745f6e616d657c733a383a224275636876617461223b66756c6c4e616d657c733a31343a2244616e656c204275636876617461223b656d61696c7c733a31313a2264616e406d61696c2e6267223b726f6c657c733a313a2231223b70617373776f72647c733a323a223131223b),
('ad710c7aa262d2df792f04afcc0151597c15f92a', '::1', 1467119547, 0x5f5f63695f6c6173745f726567656e65726174657c693a313436373131393334383b69647c733a313a2232223b66697273745f6e616d657c733a353a2244616e656c223b6c6173745f6e616d657c733a383a224275636876617461223b66756c6c4e616d657c733a31343a2244616e656c204275636876617461223b656d61696c7c733a31313a2264616e406d61696c2e6267223b726f6c657c733a313a2231223b70617373776f72647c733a323a223131223b),
('aeeefe330e71ac526914fcd78f29188c8e4319f4', '::1', 1467298586, 0x5f5f63695f6c6173745f726567656e65726174657c693a313436373239383537363b69647c733a313a2232223b66697273745f6e616d657c733a353a2244616e656c223b6c6173745f6e616d657c733a383a224275636876617461223b66756c6c4e616d657c733a31343a2244616e656c204275636876617461223b656d61696c7c733a31313a2264616e406d61696c2e6267223b726f6c657c733a313a2231223b70617373776f72647c733a323a223131223b),
('afcf01e534c7838d237daa3dbb56892558958556', '::1', 1467283078, 0x5f5f63695f6c6173745f726567656e65726174657c693a313436373238323739333b69647c733a313a2232223b66697273745f6e616d657c733a353a2244616e656c223b6c6173745f6e616d657c733a383a224275636876617461223b66756c6c4e616d657c733a31343a2244616e656c204275636876617461223b656d61696c7c733a31313a2264616e406d61696c2e6267223b726f6c657c733a313a2231223b70617373776f72647c733a323a223131223b),
('b16ca8b5215d836fec02862c6c31f6690fb5355b', '::1', 1467307409, 0x5f5f63695f6c6173745f726567656e65726174657c693a313436373330373134353b69647c733a313a2232223b66697273745f6e616d657c733a353a2244616e656c223b6c6173745f6e616d657c733a383a224275636876617461223b66756c6c4e616d657c733a31343a2244616e656c204275636876617461223b656d61696c7c733a31313a2264616e406d61696c2e6267223b726f6c657c733a313a2231223b70617373776f72647c733a323a223131223b),
('b7659eef9e4fd2d5f726accc031272bd438465f0', '::1', 1467310450, 0x5f5f63695f6c6173745f726567656e65726174657c693a313436373331303239323b69647c733a313a2232223b66697273745f6e616d657c733a353a2244616e656c223b6c6173745f6e616d657c733a383a224275636876617461223b66756c6c4e616d657c733a31343a2244616e656c204275636876617461223b656d61696c7c733a31313a2264616e406d61696c2e6267223b726f6c657c733a313a2231223b70617373776f72647c733a323a223131223b),
('b8cd02ba36fa301fc3b7833da16b7df30c0f742a', '::1', 1467144177, ''),
('c11dc4b071f7dd7b10d8bf1d841e3f0857f0a0ef', '::1', 1467119326, 0x5f5f63695f6c6173745f726567656e65726174657c693a313436373131393032303b69647c733a313a2232223b66697273745f6e616d657c733a353a2244616e656c223b6c6173745f6e616d657c733a383a224275636876617461223b66756c6c4e616d657c733a31343a2244616e656c204275636876617461223b656d61696c7c733a31313a2264616e406d61696c2e6267223b726f6c657c733a313a2231223b70617373776f72647c733a323a223131223b),
('c95b0524b214539302795f8b5be02b1371e3dbe2', '::1', 1467209403, 0x5f5f63695f6c6173745f726567656e65726174657c693a313436373230393331363b69647c733a313a2232223b66697273745f6e616d657c733a353a2244616e656c223b6c6173745f6e616d657c733a383a224275636876617461223b66756c6c4e616d657c733a31343a2244616e656c204275636876617461223b656d61696c7c733a31313a2264616e406d61696c2e6267223b726f6c657c733a313a2231223b70617373776f72647c733a323a223131223b),
('c9b3c7f8ce2b98f2e83a872899c5ba3a74be8fac', '::1', 1467107099, 0x5f5f63695f6c6173745f726567656e65726174657c693a313436373130363830393b),
('cbcb82c5894d57969dcbd991eb62c2eb1b9639af', '::1', 1467125953, 0x5f5f63695f6c6173745f726567656e65726174657c693a313436373132353934323b69647c733a313a2232223b66697273745f6e616d657c733a353a2244616e656c223b6c6173745f6e616d657c733a383a224275636876617461223b66756c6c4e616d657c733a31343a2244616e656c204275636876617461223b656d61696c7c733a31313a2264616e406d61696c2e6267223b726f6c657c733a313a2231223b70617373776f72647c733a323a223131223b),
('d491c112a7367b9461f2028ff4403215e8bebb61', '::1', 1467108569, 0x5f5f63695f6c6173745f726567656e65726174657c693a313436373130383433373b),
('d4ec84a892daeb334bedb330e70ef7d811f1b44c', '::1', 1467298338, 0x5f5f63695f6c6173745f726567656e65726174657c693a313436373239383036303b69647c733a313a2232223b66697273745f6e616d657c733a353a2244616e656c223b6c6173745f6e616d657c733a383a224275636876617461223b66756c6c4e616d657c733a31343a2244616e656c204275636876617461223b656d61696c7c733a31313a2264616e406d61696c2e6267223b726f6c657c733a313a2231223b70617373776f72647c733a323a223131223b),
('dcaf8f9cbe090eb6d0feda81e946eb952cd5c0c0', '::1', 1467121856, 0x5f5f63695f6c6173745f726567656e65726174657c693a313436373132313630393b69647c733a313a2232223b66697273745f6e616d657c733a353a2244616e656c223b6c6173745f6e616d657c733a383a224275636876617461223b66756c6c4e616d657c733a31343a2244616e656c204275636876617461223b656d61696c7c733a31313a2264616e406d61696c2e6267223b726f6c657c733a313a2231223b70617373776f72647c733a323a223131223b),
('e37ba8d6c4bacb9227019aa2f4fd623c6ddb4fc5', '::1', 1467308276, 0x5f5f63695f6c6173745f726567656e65726174657c693a313436373330383130303b69647c733a313a2232223b66697273745f6e616d657c733a353a2244616e656c223b6c6173745f6e616d657c733a383a224275636876617461223b66756c6c4e616d657c733a31343a2244616e656c204275636876617461223b656d61696c7c733a31313a2264616e406d61696c2e6267223b726f6c657c733a313a2231223b70617373776f72647c733a323a223131223b),
('e721beb9633970f93731505292f39cb4e93f8631', '::1', 1467209773, 0x5f5f63695f6c6173745f726567656e65726174657c693a313436373230393437363b),
('e939a29a10b25363c85b592cf5929b6087f83174', '::1', 1467214860, 0x5f5f63695f6c6173745f726567656e65726174657c693a313436373231303431363b),
('eb779681813762003ba095e85c5ec666cf6e6bca', '::1', 1467121977, 0x5f5f63695f6c6173745f726567656e65726174657c693a313436373132313933373b69647c733a313a2232223b66697273745f6e616d657c733a353a2244616e656c223b6c6173745f6e616d657c733a383a224275636876617461223b66756c6c4e616d657c733a31343a2244616e656c204275636876617461223b656d61696c7c733a31313a2264616e406d61696c2e6267223b726f6c657c733a313a2231223b70617373776f72647c733a323a223131223b),
('ec5a0affb3d57c0785b7528dc57a6db1107e159b', '::1', 1467123362, 0x5f5f63695f6c6173745f726567656e65726174657c693a313436373132333036363b69647c733a313a2232223b66697273745f6e616d657c733a353a2244616e656c223b6c6173745f6e616d657c733a383a224275636876617461223b66756c6c4e616d657c733a31343a2244616e656c204275636876617461223b656d61696c7c733a31313a2264616e406d61696c2e6267223b726f6c657c733a313a2231223b70617373776f72647c733a323a223131223b),
('eee4a1cf2a819e8c11be1632f15ae64c7d6695fe', '::1', 1467111768, 0x5f5f63695f6c6173745f726567656e65726174657c693a313436373131313534393b69647c733a313a2232223b66697273745f6e616d657c733a353a2244616e656c223b6c6173745f6e616d657c733a383a224275636876617461223b66756c6c4e616d657c733a31343a2244616e656c204275636876617461223b656d61696c7c733a31313a2264616e406d61696c2e6267223b726f6c657c733a313a2231223b70617373776f72647c733a323a223131223b),
('f0d75b98ba2c5a57d41d7bd829847ba13bd71b7b', '::1', 1467194391, 0x5f5f63695f6c6173745f726567656e65726174657c693a313436373139333431343b),
('f1119363bf0e517cdbede263c4b2981abe702017', '::1', 1467283186, 0x5f5f63695f6c6173745f726567656e65726174657c693a313436373238333131393b69647c733a313a2232223b66697273745f6e616d657c733a353a2244616e656c223b6c6173745f6e616d657c733a383a224275636876617461223b66756c6c4e616d657c733a31343a2244616e656c204275636876617461223b656d61696c7c733a31313a2264616e406d61696c2e6267223b726f6c657c733a313a2231223b70617373776f72647c733a323a223131223b),
('f235d73640c7e93d682f3a575f5154a1123be007', '::1', 1467208051, 0x5f5f63695f6c6173745f726567656e65726174657c693a313436373230383031333b69647c733a313a2232223b66697273745f6e616d657c733a353a2244616e656c223b6c6173745f6e616d657c733a383a224275636876617461223b66756c6c4e616d657c733a31343a2244616e656c204275636876617461223b656d61696c7c733a31313a2264616e406d61696c2e6267223b726f6c657c733a313a2231223b70617373776f72647c733a323a223131223b),
('f36bf35160b83367683bbd2e64dafb838940aaaa', '::1', 1467208780, 0x5f5f63695f6c6173745f726567656e65726174657c693a313436373230383737373b69647c733a313a2232223b66697273745f6e616d657c733a353a2244616e656c223b6c6173745f6e616d657c733a383a224275636876617461223b66756c6c4e616d657c733a31343a2244616e656c204275636876617461223b656d61696c7c733a31313a2264616e406d61696c2e6267223b726f6c657c733a313a2231223b70617373776f72647c733a323a223131223b),
('f69198f913b9dc6c7324457d7de5d514bec9db71', '::1', 1467195554, 0x5f5f63695f6c6173745f726567656e65726174657c693a313436373139353330343b69647c733a313a2232223b66697273745f6e616d657c733a353a2244616e656c223b6c6173745f6e616d657c733a383a224275636876617461223b66756c6c4e616d657c733a31343a2244616e656c204275636876617461223b656d61696c7c733a31313a2264616e406d61696c2e6267223b726f6c657c733a313a2231223b70617373776f72647c733a323a223131223b),
('f72316615bec253284a3e1aaaf9c69e21bfecfe0', '::1', 1467218038, 0x5f5f63695f6c6173745f726567656e65726174657c693a313436373231373738363b69647c733a313a2232223b66697273745f6e616d657c733a353a2244616e656c223b6c6173745f6e616d657c733a383a224275636876617461223b66756c6c4e616d657c733a31343a2244616e656c204275636876617461223b656d61696c7c733a31313a2264616e406d61696c2e6267223b726f6c657c733a313a2231223b70617373776f72647c733a323a223131223b),
('f724d9a687333195b115269d2f4b629001fa37ce', '::1', 1467215183, 0x5f5f63695f6c6173745f726567656e65726174657c693a313436373231343839363b);

-- --------------------------------------------------------

--
-- Table structure for table `migrations`
--

CREATE TABLE `migrations` (
  `version` bigint(20) NOT NULL
) ENGINE=InnoDB DEFAULT CHARSET=utf8;

--
-- Dumping data for table `migrations`
--

INSERT INTO `migrations` (`version`) VALUES
(0);

-- --------------------------------------------------------

--
-- Table structure for table `pictures`
--

CREATE TABLE `pictures` (
  `id` int(11) NOT NULL,
  `product_id` int(11) NOT NULL,
  `source` varchar(255) NOT NULL,
  `is_cover` int(11) NOT NULL
) ENGINE=InnoDB DEFAULT CHARSET=utf8;

--
-- Dumping data for table `pictures`
--

INSERT INTO `pictures` (`id`, `product_id`, `source`, `is_cover`) VALUES
(71, 1, 'perfume1.jpg', 1),
(84, 69, 'perfume1.jpg', 1),
(122, 75, 'perfume1.jpg', 1),
(124, 76, 'perfume1.jpg', 1),
(126, 82, 'g1.png', 1),
(127, 83, 'b2.jpg', 1),
(128, 84, 'b7.jpg', 1),
(129, 85, 'b4.jpg', 1),
(130, 86, 'g1.png', 1),
(131, 87, 'c1.jpg', 1),
(132, 88, 'b1.jpg', 1),
(134, 89, 'g2.png', 1),
(135, 90, 'si.jpg', 1),
(138, 91, 'b1.jpg', 1),
(139, 92, 'p2.png', 1),
(140, 93, 'b2.jpg', 1),
(141, 94, 'c1.jpg', 1),
(142, 95, 'g2.png', 1),
(143, 96, 'b4.jpg', 1),
(144, 97, 'b5.jpg', 1),
(145, 71, 'urbane.jpg', 1),
(146, 72, 'Obsession-Perfume.jpg', 1),
(147, 72, 'perfumes-for-autumn-014.jpg', 0),
(148, 73, 'Obsession-Perfume.jpg', 1),
(150, 77, 'b3.jpg', 1),
(152, 80, 'b5.jpg', 1),
(155, 98, 'perfume1.jpg', 1),
(158, 100, 'b3.jpg', 1),
(163, 78, 'c1.jpg', 1),
(168, 99, 'g1.png', 1),
(170, 70, 'g2.png', 1),
(171, 70, 'g222222.png', 0),
(172, 81, 'p2.png', 1),
(173, 74, 'perfume1.jpg', 1),
(174, 79, 'b6.jpg', 1),
(175, 101, 'b1.jpg', 1),
(176, 101, 'b2.jpg', 0),
(177, 101, 'b3.jpg', 0),
(178, 101, 'b4.jpg', 0);

-- --------------------------------------------------------

--
-- Table structure for table `products`
--

CREATE TABLE `products` (
  `id` int(11) NOT NULL,
  `is_sale` int(11) NOT NULL,
  `cat_id` int(11) NOT NULL,
  `brand_id` int(11) NOT NULL,
  `created_time` int(11) NOT NULL,
  `product_name` varchar(255) NOT NULL,
  `slug` varchar(255) NOT NULL,
  `is_newest` int(1) NOT NULL,
  `description` longtext NOT NULL
) ENGINE=InnoDB DEFAULT CHARSET=utf8;

--
-- Dumping data for table `products`
--

INSERT INTO `products` (`id`, `is_sale`, `cat_id`, `brand_id`, `created_time`, `product_name`, `slug`, `is_newest`, `description`) VALUES
(70, 1, 1, 5, 1465587069, 'Product 2', 'product-2', 0, ''),
(71, 0, 3, 2, 1465587146, 'Product 3', 'product-3', 1, ''),
(72, 0, 3, 3, 1465592819, 'Product 5', 'product-5', 1, ''),
(73, 0, 3, 2, 1465592916, 'Product 6', 'product-6', 1, ''),
(74, 1, 1, 1, 1465593983, 'Product textarea', 'product-textarea', 1, ''),
(75, 0, 1, 1, 1465594063, 'prdicfa2', 'prdicfa2', 1, ''),
(76, 0, 1, 1, 1465594247, 'name 2', 'name-2', 1, 'test\ntest1\n'),
(77, 1, 1, 7, 1465633849, 'Product 7', 'product-7', 1, 'Product 7 Description'),
(78, 1, 2, 4, 1465634070, 'Product 8', 'product-8', 1, 'Product 8 Description'),
(79, 1, 3, 6, 1465634442, 'Product 9.1', 'product-91', 1, 'Product 9 Description'),
(80, 1, 1, 6, 1465635731, 'Product 9', 'product-9', 1, 'Product 9 Description'),
(81, 1, 1, 13, 1465636464, 'Product 10', 'product-10', 1, 'Product 10 Description'),
(82, 0, 2, 13, 1465636496, 'Product 11', 'product-11', 1, 'Product 11 Description'),
(83, 0, 3, 15, 1465636533, 'Product 12', 'product-12', 1, 'Product 12 Description'),
(84, 0, 1, 18, 1465636622, 'Product 13', 'product-13', 1, 'Product 13 Description'),
(85, 1, 3, 16, 1465636664, 'Product 14', 'product-14', 1, 'Product 14 Decription'),
(86, 0, 1, 19, 1465636721, 'Product 15', 'product-15', 1, 'Product 15 Description'),
(87, 1, 2, 9, 1465636779, 'Product 16', 'product-16', 1, 'Product 16 Description'),
(88, 1, 1, 3, 1465636835, 'Product 17', 'product-17', 1, 'Product 17 Description'),
(89, 1, 3, 20, 1465636872, 'Product 18', 'product-18', 1, 'Product 18 Description'),
(90, 0, 2, 8, 1465636923, 'Product 19', 'product-19', 1, 'Product 19 Description'),
(91, 0, 2, 17, 1465636952, 'Product 20', 'product-20', 1, 'Product 20 Description'),
(92, 1, 1, 21, 1465637001, 'Product 21', 'product-21', 1, 'Product 21 Description'),
(93, 0, 3, 11, 1465637042, 'Product 22', 'product-22', 1, 'Product 22 Description'),
(94, 0, 2, 6, 1465637081, 'Product 23', 'product-23', 1, 'Product 23 Description'),
(95, 0, 1, 18, 1465637114, 'Product 24', 'product-24', 1, 'Product 24 Description'),
(96, 0, 3, 16, 1465637143, 'Product 25', 'product-25', 1, 'Product 25 Description'),
(97, 0, 2, 16, 1465637181, 'Product 26', 'product-26', 1, 'Product 26 Description'),
(98, 1, 2, 4, 1465673344, 'Promotion 1', 'promotion-1', 0, 'asdasd'),
(99, 1, 2, 7, 1465673367, 'Promotions 2', 'promotions-2', 0, 'asdasd'),
(100, 1, 1, 9, 1466157497, 'Product 27', 'product-27', 1, 'Product 27 Description'),
(101, 1, 3, 3, 1466160369, 'Test product', 'test-product', 1, 'Test product description');

-- --------------------------------------------------------

--
-- Table structure for table `product_options`
--

CREATE TABLE `product_options` (
  `id` int(11) NOT NULL,
  `product_id` int(11) NOT NULL,
  `ml` int(11) NOT NULL,
  `price` double NOT NULL,
  `sale_price` double NOT NULL,
  `off_percentage` int(11) NOT NULL,
  `quantity` int(11) NOT NULL
) ENGINE=InnoDB DEFAULT CHARSET=utf8;

--
-- Dumping data for table `product_options`
--

INSERT INTO `product_options` (`id`, `product_id`, `ml`, `price`, `sale_price`, `off_percentage`, `quantity`) VALUES
(63, 1, 44, 100, 78, 22, 123),
(64, 1, 44, 100, 78, 22, 123),
(65, 1, 44, 100, 78, 22, 123),
(84, 69, 44, 100, 0, 0, 123),
(126, 75, 11, 222, 0, 0, 0),
(129, 76, 111, 111, 0, 0, 0),
(132, 82, 11, 11, 0, 0, 0),
(133, 83, 123, 123, 0, 0, 0),
(134, 84, 1233, 100, 0, 0, 0),
(135, 85, 212, 222, 173, 22, 0),
(136, 86, 111, 111, 0, 0, 0),
(137, 87, 32, 22, 20, 10, 2),
(138, 88, 232, 222, 22, 91, 22),
(140, 89, 33, 33, 31, 7, 2),
(141, 90, 212, 22, 0, 0, 0),
(144, 91, 222, 222, 0, 0, 0),
(145, 92, 22, 100, 78, 22, 222),
(146, 92, 100, 55, 23, 59, 23),
(147, 93, 22, 22, 0, 0, 0),
(148, 94, 22, 22, 0, 0, 0),
(149, 95, 22, 22, 0, 0, 0),
(150, 96, 123, 123, 0, 0, 0),
(151, 97, 111, 111, 0, 0, 0),
(152, 71, 11, 220, 0, 0, 0),
(153, 72, 100, 100, 0, 0, 0),
(154, 73, 11, 222, 0, 0, 0),
(156, 77, 100, 120, 80, 34, 20),
(158, 80, 111, 100, 22, 78, 21),
(162, 98, 11, 100, 25, 75, 123),
(165, 100, 100, 100, 76, 24, 10),
(169, 78, 122, 33, 16.5, 50, 22),
(170, 78, 100, 100, 0, 0, 10),
(183, 99, 44, 444, 123, 73, 0),
(184, 99, 200, 200, 80, 60, 0),
(188, 70, 220, 100, 20, 80, 123),
(189, 70, 2200, 1000, 499, 51, 123),
(190, 81, 111, 100, 0, 0, 22),
(191, 81, 60, 50, 40, 20, 22),
(192, 81, 40, 20, 19, 5, 30),
(193, 81, 140, 120, 60, 50, 2),
(194, 74, 11, 111, 0, 0, 0),
(195, 74, 120, 80, 60, 25, 0),
(196, 79, 112, 80, 32, 60, 44),
(197, 79, 112, 70, 30, 58, 44),
(198, 79, 150, 100, 0, 0, 0),
(199, 101, 100, 100, 55, 45, 10),
(200, 101, 200, 200, 0, 0, 20),
(201, 101, 300, 300, 40, 87, 30);

-- --------------------------------------------------------

--
-- Table structure for table `users`
--

CREATE TABLE `users` (
  `id` int(11) NOT NULL,
  `role` int(11) NOT NULL,
  `first_name` varchar(255) NOT NULL,
  `last_name` varchar(255) NOT NULL,
  `email` varchar(255) NOT NULL,
  `password` varchar(255) NOT NULL,
  `is_newsletter` tinyint(1) NOT NULL
) ENGINE=InnoDB DEFAULT CHARSET=utf8;

--
-- Dumping data for table `users`
--

INSERT INTO `users` (`id`, `role`, `first_name`, `last_name`, `email`, `password`, `is_newsletter`) VALUES
(1, 2, 'Petko', 'Hristata', 'skotovadec@mail.bg', '123', 0),
(2, 1, 'Danel', 'Buchvata', 'dan@mail.bg', '11', 0),
(13, 2, 'petka', 'ta', 'pro@mail.bg', '123', 1),
(14, 2, 'Danka', 'Petrova', 'peturhristozovps@gmail.com', '123', 1),
(15, 2, 'Koc', 'Z', 'knzapryanov@gmail.com', '123', 0);

--
-- Indexes for dumped tables
--

--
-- Indexes for table `brands`
--
ALTER TABLE `brands`
  ADD PRIMARY KEY (`id`);

--
-- Indexes for table `categories`
--
ALTER TABLE `categories`
  ADD PRIMARY KEY (`id`);

--
-- Indexes for table `ci_sessions`
--
ALTER TABLE `ci_sessions`
  ADD PRIMARY KEY (`id`),
  ADD KEY `ci_sessions_timestamp` (`timestamp`);

--
-- Indexes for table `pictures`
--
ALTER TABLE `pictures`
  ADD PRIMARY KEY (`id`);

--
-- Indexes for table `products`
--
ALTER TABLE `products`
  ADD UNIQUE KEY `id` (`id`);

--
-- Indexes for table `product_options`
--
ALTER TABLE `product_options`
  ADD PRIMARY KEY (`id`);

--
-- Indexes for table `users`
--
ALTER TABLE `users`
  ADD PRIMARY KEY (`id`);

--
-- AUTO_INCREMENT for dumped tables
--

--
-- AUTO_INCREMENT for table `brands`
--
ALTER TABLE `brands`
  MODIFY `id` int(11) NOT NULL AUTO_INCREMENT, AUTO_INCREMENT=22;
--
-- AUTO_INCREMENT for table `categories`
--
ALTER TABLE `categories`
  MODIFY `id` int(11) NOT NULL AUTO_INCREMENT, AUTO_INCREMENT=4;
--
-- AUTO_INCREMENT for table `pictures`
--
ALTER TABLE `pictures`
  MODIFY `id` int(11) NOT NULL AUTO_INCREMENT, AUTO_INCREMENT=179;
--
-- AUTO_INCREMENT for table `products`
--
ALTER TABLE `products`
  MODIFY `id` int(11) NOT NULL AUTO_INCREMENT, AUTO_INCREMENT=102;
--
-- AUTO_INCREMENT for table `product_options`
--
ALTER TABLE `product_options`
  MODIFY `id` int(11) NOT NULL AUTO_INCREMENT, AUTO_INCREMENT=202;
--
-- AUTO_INCREMENT for table `users`
--
ALTER TABLE `users`
  MODIFY `id` int(11) NOT NULL AUTO_INCREMENT, AUTO_INCREMENT=16;
/*!40101 SET CHARACTER_SET_CLIENT=@OLD_CHARACTER_SET_CLIENT */;
/*!40101 SET CHARACTER_SET_RESULTS=@OLD_CHARACTER_SET_RESULTS */;
/*!40101 SET COLLATION_CONNECTION=@OLD_COLLATION_CONNECTION */;
