-- phpMyAdmin SQL Dump
-- version 4.5.1
-- http://www.phpmyadmin.net
--
-- Host: 127.0.0.1
-- Generation Time: Jul 21, 2016 at 04:36 PM
-- Server version: 10.1.10-MariaDB
-- PHP Version: 5.6.19

SET SQL_MODE = "NO_AUTO_VALUE_ON_ZERO";
SET time_zone = "+00:00";


/*!40101 SET @OLD_CHARACTER_SET_CLIENT=@@CHARACTER_SET_CLIENT */;
/*!40101 SET @OLD_CHARACTER_SET_RESULTS=@@CHARACTER_SET_RESULTS */;
/*!40101 SET @OLD_COLLATION_CONNECTION=@@COLLATION_CONNECTION */;
/*!40101 SET NAMES utf8mb4 */;

--
-- Database: `perfumes`
--

-- --------------------------------------------------------

--
-- Table structure for table `brands`
--

CREATE TABLE `brands` (
  `id` int(11) NOT NULL,
  `brand_name` varchar(255) NOT NULL,
  `global_sale` int(11) NOT NULL,
  `sale_price` double NOT NULL,
  `global_off` int(11) NOT NULL,
  `off_price` int(11) NOT NULL
) ENGINE=InnoDB DEFAULT CHARSET=utf8;

--
-- Dumping data for table `brands`
--

INSERT INTO `brands` (`id`, `brand_name`, `global_sale`, `sale_price`, `global_off`, `off_price`) VALUES
(1, 'new brand', 0, 0, 0, 0),
(2, 'kamari', 0, 0, 0, 0),
(3, 'mega men', 0, 0, 0, 0),
(4, 'Koka kola', 0, 0, 0, 0),
(5, 'CICI', 0, 0, 0, 0),
(6, 'Armani', 0, 0, 0, 0),
(7, 'Benetton', 0, 0, 0, 0),
(8, 'Burberry', 0, 0, 0, 0),
(9, 'Azzaro', 0, 0, 0, 0),
(11, 'Bruno Banani', 0, 0, 0, 0),
(12, 'Bvlgari', 0, 0, 0, 0),
(13, 'Calvin Klein', 0, 0, 0, 0),
(14, 'Carolina Herrera', 0, 0, 0, 0),
(15, 'Cartier', 0, 0, 0, 0),
(16, 'Cerruti', 0, 0, 0, 0),
(17, 'Chanel', 0, 0, 0, 0),
(18, 'Davidoff', 0, 0, 0, 0),
(19, 'Diesel', 0, 0, 0, 0),
(20, 'Dolce & Gabbana', 0, 0, 0, 0),
(21, 'Dsquared', 0, 0, 0, 0),
(22, 'test brand', 0, 0, 0, 0);

-- --------------------------------------------------------

--
-- Table structure for table `categories`
--

CREATE TABLE `categories` (
  `id` int(11) NOT NULL,
  `category_name` varchar(255) NOT NULL
) ENGINE=InnoDB DEFAULT CHARSET=utf8;

--
-- Dumping data for table `categories`
--

INSERT INTO `categories` (`id`, `category_name`) VALUES
(1, 'men'),
(2, 'women'),
(3, 'unisex');

-- --------------------------------------------------------

--
-- Table structure for table `ci_sessions`
--

CREATE TABLE `ci_sessions` (
  `id` varchar(40) NOT NULL,
  `ip_address` varchar(45) NOT NULL,
  `timestamp` int(10) UNSIGNED NOT NULL DEFAULT '0',
  `data` blob NOT NULL
) ENGINE=InnoDB DEFAULT CHARSET=utf8;

--
-- Dumping data for table `ci_sessions`
--

INSERT INTO `ci_sessions` (`id`, `ip_address`, `timestamp`, `data`) VALUES
('00f82ea8510c5a4bfbc647060db7f98df312b707', '::1', 1469012789, 0x5f5f63695f6c6173745f726567656e65726174657c693a313436393031323532393b69647c733a323a223136223b66697273745f6e616d657c733a343a2254657374223b6c6173745f6e616d657c733a343a2255736572223b66756c6c4e616d657c733a393a22546573742055736572223b656d61696c7c733a31393a226b6f6e696b7a2e393040676d61696c2e636f6d223b726f6c657c733a313a2232223b70617373776f72647c733a333a22313233223b),
('02189d67956b40dd94532cb1f59129497698a226', '::1', 1468412424, 0x5f5f63695f6c6173745f726567656e65726174657c693a313436383431323139353b69647c733a313a2232223b66697273745f6e616d657c733a353a2244616e656c223b6c6173745f6e616d657c733a383a224275636876617461223b66756c6c4e616d657c733a31343a2244616e656c204275636876617461223b656d61696c7c733a31313a2264616e406d61696c2e6267223b726f6c657c733a313a2231223b70617373776f72647c733a323a223131223b),
('027668ef0abab37e59465ca3995b5c5a8169f2d6', '::1', 1468923944, 0x5f5f63695f6c6173745f726567656e65726174657c693a313436383932333634383b69647c733a323a223135223b66697273745f6e616d657c733a333a224b6f63223b6c6173745f6e616d657c733a313a225a223b66756c6c4e616d657c733a353a224b6f63205a223b656d61696c7c733a32313a226b6e7a61707279616e6f7640676d61696c2e636f6d223b726f6c657c733a313a2232223b70617373776f72647c733a333a22313233223b),
('0612ffefea26dbfdde5dc423f1a2f3673ab292c8', '::1', 1468402188, 0x5f5f63695f6c6173745f726567656e65726174657c693a313436383430323135363b69647c733a313a2232223b66697273745f6e616d657c733a353a2244616e656c223b6c6173745f6e616d657c733a383a224275636876617461223b66756c6c4e616d657c733a31343a2244616e656c204275636876617461223b656d61696c7c733a31313a2264616e406d61696c2e6267223b726f6c657c733a313a2231223b70617373776f72647c733a323a223131223b),
('0a7593c8d39a9a58cc5a938a297964e6400c066c', '::1', 1469095572, 0x5f5f63695f6c6173745f726567656e65726174657c693a313436393039353537323b69647c733a313a2232223b66697273745f6e616d657c733a353a2244616e656c223b6c6173745f6e616d657c733a383a224275636876617461223b66756c6c4e616d657c733a31343a2244616e656c204275636876617461223b656d61696c7c733a31313a2264616e406d61696c2e6267223b726f6c657c733a313a2231223b70617373776f72647c733a323a223131223b),
('0aca0f63af63a95e80018aefbbb87ee4a8e65445', '::1', 1468402656, 0x5f5f63695f6c6173745f726567656e65726174657c693a313436383430323438313b69647c733a313a2232223b66697273745f6e616d657c733a353a2244616e656c223b6c6173745f6e616d657c733a383a224275636876617461223b66756c6c4e616d657c733a31343a2244616e656c204275636876617461223b656d61696c7c733a31313a2264616e406d61696c2e6267223b726f6c657c733a313a2231223b70617373776f72647c733a323a223131223b),
('0ba5193aacb4e77cdd75300308443dde9b2c16ff', '::1', 1469098324, 0x5f5f63695f6c6173745f726567656e65726174657c693a313436393039383034383b69647c733a313a2232223b66697273745f6e616d657c733a353a2244616e656c223b6c6173745f6e616d657c733a383a224275636876617461223b66756c6c4e616d657c733a31343a2244616e656c204275636876617461223b656d61696c7c733a31313a2264616e406d61696c2e6267223b726f6c657c733a313a2231223b70617373776f72647c733a323a223131223b),
('0cb2de398c0809dfc7cf6a2f26249f3c8067b3b1', '::1', 1469013931, 0x5f5f63695f6c6173745f726567656e65726174657c693a313436393031333637303b69647c733a323a223136223b66697273745f6e616d657c733a343a2254657374223b6c6173745f6e616d657c733a343a2255736572223b66756c6c4e616d657c733a393a22546573742055736572223b656d61696c7c733a31393a226b6f6e696b7a2e393040676d61696c2e636f6d223b726f6c657c733a313a2232223b70617373776f72647c733a333a22313233223b),
('0e03bffaf59056e4e2dc39aaed2cd9df848d5b07', '::1', 1468409529, 0x5f5f63695f6c6173745f726567656e65726174657c693a313436383430393234393b69647c733a313a2232223b66697273745f6e616d657c733a353a2244616e656c223b6c6173745f6e616d657c733a383a224275636876617461223b66756c6c4e616d657c733a31343a2244616e656c204275636876617461223b656d61696c7c733a31313a2264616e406d61696c2e6267223b726f6c657c733a313a2231223b70617373776f72647c733a323a223131223b),
('0f19b5ed21e13a6615574e8e9a94ee90a5e59b3d', '::1', 1469009615, 0x5f5f63695f6c6173745f726567656e65726174657c693a313436393030393535353b69647c733a323a223136223b66697273745f6e616d657c733a343a2254657374223b6c6173745f6e616d657c733a343a2255736572223b66756c6c4e616d657c733a393a22546573742055736572223b656d61696c7c733a31393a226b6f6e696b7a2e393040676d61696c2e636f6d223b726f6c657c733a313a2232223b70617373776f72647c733a333a22313233223b),
('1065847a8d34e760007f23ca99678c145bb1ac86', '::1', 1469008877, 0x5f5f63695f6c6173745f726567656e65726174657c693a313436393030383834333b69647c733a323a223136223b66697273745f6e616d657c733a343a2254657374223b6c6173745f6e616d657c733a343a2255736572223b66756c6c4e616d657c733a393a22546573742055736572223b656d61696c7c733a31393a226b6f6e696b7a2e393040676d61696c2e636f6d223b726f6c657c733a313a2232223b70617373776f72647c733a333a22313233223b),
('13a626b41185cc710b2792cdaccb8662cf6cfa7c', '::1', 1468402034, 0x5f5f63695f6c6173745f726567656e65726174657c693a313436383430313736363b69647c733a313a2232223b66697273745f6e616d657c733a353a2244616e656c223b6c6173745f6e616d657c733a383a224275636876617461223b66756c6c4e616d657c733a31343a2244616e656c204275636876617461223b656d61696c7c733a31313a2264616e406d61696c2e6267223b726f6c657c733a313a2231223b70617373776f72647c733a323a223131223b),
('15673cd563325003eed7d61b2df24cbb110ae1d5', '::1', 1468923290, 0x5f5f63695f6c6173745f726567656e65726174657c693a313436383932323939353b69647c733a323a223135223b66697273745f6e616d657c733a333a224b6f63223b6c6173745f6e616d657c733a313a225a223b66756c6c4e616d657c733a353a224b6f63205a223b656d61696c7c733a32313a226b6e7a61707279616e6f7640676d61696c2e636f6d223b726f6c657c733a313a2232223b70617373776f72647c733a333a22313233223b),
('17617a7556315acd3c0044bd8a82f10f094e1502', '::1', 1469004206, 0x5f5f63695f6c6173745f726567656e65726174657c693a313436393030333930383b),
('18316832608d877f0e527c4115c6f5184becdeea', '::1', 1468400946, 0x5f5f63695f6c6173745f726567656e65726174657c693a313436383430303732333b),
('1866716d449e551b77f8a8d7d9723f8d09688991', '::1', 1469003067, 0x5f5f63695f6c6173745f726567656e65726174657c693a313436393030323736393b),
('19076205a77534370c5f552424d983eb698b4c60', '::1', 1469097769, 0x5f5f63695f6c6173745f726567656e65726174657c693a313436393039373536363b69647c733a313a2232223b66697273745f6e616d657c733a353a2244616e656c223b6c6173745f6e616d657c733a383a224275636876617461223b66756c6c4e616d657c733a31343a2244616e656c204275636876617461223b656d61696c7c733a31313a2264616e406d61696c2e6267223b726f6c657c733a313a2231223b70617373776f72647c733a323a223131223b),
('1b6c5c83d0be4959a8fb231b4d94f4e4f6ea43b5', '::1', 1469098386, 0x5f5f63695f6c6173745f726567656e65726174657c693a313436393039383338363b69647c733a313a2232223b66697273745f6e616d657c733a353a2244616e656c223b6c6173745f6e616d657c733a383a224275636876617461223b66756c6c4e616d657c733a31343a2244616e656c204275636876617461223b656d61696c7c733a31313a2264616e406d61696c2e6267223b726f6c657c733a313a2231223b70617373776f72647c733a323a223131223b),
('1bb7574b921301f332746ec760374c9cd526728f', '::1', 1468411360, 0x5f5f63695f6c6173745f726567656e65726174657c693a313436383431313333313b69647c733a313a2232223b66697273745f6e616d657c733a353a2244616e656c223b6c6173745f6e616d657c733a383a224275636876617461223b66756c6c4e616d657c733a31343a2244616e656c204275636876617461223b656d61696c7c733a31313a2264616e406d61696c2e6267223b726f6c657c733a313a2231223b70617373776f72647c733a323a223131223b),
('1ca19552f44986b713c0ffce38d7e79721c12b9a', '::1', 1469014911, 0x5f5f63695f6c6173745f726567656e65726174657c693a313436393031343733313b69647c733a323a223136223b66697273745f6e616d657c733a343a2254657374223b6c6173745f6e616d657c733a343a2255736572223b66756c6c4e616d657c733a393a22546573742055736572223b656d61696c7c733a31393a226b6f6e696b7a2e393040676d61696c2e636f6d223b726f6c657c733a313a2232223b70617373776f72647c733a333a22313233223b),
('1cc11db4404c1a5db1e378349577de2b5d1b2b37', '::1', 1469012395, 0x5f5f63695f6c6173745f726567656e65726174657c693a313436393031323133343b69647c733a323a223136223b66697273745f6e616d657c733a343a2254657374223b6c6173745f6e616d657c733a343a2255736572223b66756c6c4e616d657c733a393a22546573742055736572223b656d61696c7c733a31393a226b6f6e696b7a2e393040676d61696c2e636f6d223b726f6c657c733a313a2232223b70617373776f72647c733a333a22313233223b),
('21b3b3db6bfa5c1df7924fdcd3bc30e260d5f8e9', '::1', 1468410105, 0x5f5f63695f6c6173745f726567656e65726174657c693a313436383430393933313b69647c733a313a2232223b66697273745f6e616d657c733a353a2244616e656c223b6c6173745f6e616d657c733a383a224275636876617461223b66756c6c4e616d657c733a31343a2244616e656c204275636876617461223b656d61696c7c733a31313a2264616e406d61696c2e6267223b726f6c657c733a313a2231223b70617373776f72647c733a323a223131223b),
('279f93a0f9dda0f1f9984bb1be3fbcf651d1d0f9', '::1', 1468919691, 0x5f5f63695f6c6173745f726567656e65726174657c693a313436383931393430323b69647c733a313a2232223b66697273745f6e616d657c733a353a2244616e656c223b6c6173745f6e616d657c733a383a224275636876617461223b66756c6c4e616d657c733a31343a2244616e656c204275636876617461223b656d61696c7c733a31313a2264616e406d61696c2e6267223b726f6c657c733a313a2231223b70617373776f72647c733a323a223131223b),
('2c19e34903ca30832a222cb1c1b6bda110541b8f', '::1', 1469018405, 0x5f5f63695f6c6173745f726567656e65726174657c693a313436393031383230393b69647c733a323a223136223b66697273745f6e616d657c733a343a2254657374223b6c6173745f6e616d657c733a343a2255736572223b66756c6c4e616d657c733a393a22546573742055736572223b656d61696c7c733a31393a226b6f6e696b7a2e393040676d61696c2e636f6d223b726f6c657c733a313a2232223b70617373776f72647c733a333a22313233223b),
('2f574891d3584dab15288f74bab28cea983900b9', '::1', 1468934389, 0x5f5f63695f6c6173745f726567656e65726174657c693a313436383933343338393b),
('3933cf467d709ba8a612e79a0171f8a5766f85c0', '::1', 1468412003, 0x5f5f63695f6c6173745f726567656e65726174657c693a313436383431313736373b69647c733a313a2232223b66697273745f6e616d657c733a353a2244616e656c223b6c6173745f6e616d657c733a383a224275636876617461223b66756c6c4e616d657c733a31343a2244616e656c204275636876617461223b656d61696c7c733a31313a2264616e406d61696c2e6267223b726f6c657c733a313a2231223b70617373776f72647c733a323a223131223b),
('3acd72737fc82328383e827a2ab07f67a2f76782', '::1', 1468926928, 0x5f5f63695f6c6173745f726567656e65726174657c693a313436383932363830363b69647c733a323a223135223b66697273745f6e616d657c733a333a224b6f63223b6c6173745f6e616d657c733a313a225a223b66756c6c4e616d657c733a353a224b6f63205a223b656d61696c7c733a32313a226b6e7a61707279616e6f7640676d61696c2e636f6d223b726f6c657c733a313a2232223b70617373776f72647c733a333a22313233223b),
('3cede584d6b0cc76fcaa82c79092e49711ed723a', '::1', 1468405713, 0x5f5f63695f6c6173745f726567656e65726174657c693a313436383430353233393b69647c733a313a2232223b66697273745f6e616d657c733a353a2244616e656c223b6c6173745f6e616d657c733a383a224275636876617461223b66756c6c4e616d657c733a31343a2244616e656c204275636876617461223b656d61696c7c733a31313a2264616e406d61696c2e6267223b726f6c657c733a313a2231223b70617373776f72647c733a323a223131223b),
('3fdb3b8d16730e670851a0fbdf95f7bfa92c693a', '::1', 1469098742, 0x5f5f63695f6c6173745f726567656e65726174657c693a313436393039383734323b69647c733a313a2232223b66697273745f6e616d657c733a353a2244616e656c223b6c6173745f6e616d657c733a383a224275636876617461223b66756c6c4e616d657c733a31343a2244616e656c204275636876617461223b656d61696c7c733a31313a2264616e406d61696c2e6267223b726f6c657c733a313a2231223b70617373776f72647c733a323a223131223b),
('3fe7b4aa0818d672bac3131d2e49d525154d1538', '::1', 1468924082, 0x5f5f63695f6c6173745f726567656e65726174657c693a313436383932333938303b69647c733a323a223135223b66697273745f6e616d657c733a333a224b6f63223b6c6173745f6e616d657c733a313a225a223b66756c6c4e616d657c733a353a224b6f63205a223b656d61696c7c733a32313a226b6e7a61707279616e6f7640676d61696c2e636f6d223b726f6c657c733a313a2232223b70617373776f72647c733a333a22313233223b),
('403f6bc1e50ec3b70b3b82c8ed9e82180688647a', '::1', 1469109662, 0x5f5f63695f6c6173745f726567656e65726174657c693a313436393130393438353b69647c733a313a2232223b66697273745f6e616d657c733a353a2244616e656c223b6c6173745f6e616d657c733a383a224275636876617461223b66756c6c4e616d657c733a31343a2244616e656c204275636876617461223b656d61696c7c733a31313a2264616e406d61696c2e6267223b726f6c657c733a313a2231223b70617373776f72647c733a323a223131223b),
('40fa09eb0efe1758b6d0726d0e45bd4ab233d31e', '::1', 1468933508, 0x5f5f63695f6c6173745f726567656e65726174657c693a313436383933333231313b69647c733a323a223135223b66697273745f6e616d657c733a333a224b6f63223b6c6173745f6e616d657c733a313a225a223b66756c6c4e616d657c733a353a224b6f63205a223b656d61696c7c733a32313a226b6e7a61707279616e6f7640676d61696c2e636f6d223b726f6c657c733a313a2232223b70617373776f72647c733a333a22313233223b),
('44c54a4298eb2de21c1ec51f1b5d53d59911991e', '::1', 1469104603, 0x5f5f63695f6c6173745f726567656e65726174657c693a313436393130343532333b69647c733a323a223136223b66697273745f6e616d657c733a343a2254657374223b6c6173745f6e616d657c733a343a2255736572223b66756c6c4e616d657c733a393a22546573742055736572223b656d61696c7c733a31393a226b6f6e696b7a2e393040676d61696c2e636f6d223b726f6c657c733a313a2232223b70617373776f72647c733a333a22313233223b),
('48ebdca9235fd54a3ab107c453bb3bd9103805cc', '::1', 1469102536, 0x5f5f63695f6c6173745f726567656e65726174657c693a313436393130323436363b69647c733a313a2232223b66697273745f6e616d657c733a353a2244616e656c223b6c6173745f6e616d657c733a383a224275636876617461223b66756c6c4e616d657c733a31343a2244616e656c204275636876617461223b656d61696c7c733a31313a2264616e406d61696c2e6267223b726f6c657c733a313a2231223b70617373776f72647c733a323a223131223b),
('4afb154af83e6a0fcef933e4d8f82d5aeba597a5', '::1', 1468926742, 0x5f5f63695f6c6173745f726567656e65726174657c693a313436383932363530313b69647c733a323a223135223b66697273745f6e616d657c733a333a224b6f63223b6c6173745f6e616d657c733a313a225a223b66756c6c4e616d657c733a353a224b6f63205a223b656d61696c7c733a32313a226b6e7a61707279616e6f7640676d61696c2e636f6d223b726f6c657c733a313a2232223b70617373776f72647c733a333a22313233223b),
('4c8fa42c0e9ab7e7ee7fdd21f63d4cec840e9466', '::1', 1468933741, 0x5f5f63695f6c6173745f726567656e65726174657c693a313436383933333532333b69647c733a323a223135223b66697273745f6e616d657c733a333a224b6f63223b6c6173745f6e616d657c733a313a225a223b66756c6c4e616d657c733a353a224b6f63205a223b656d61696c7c733a32313a226b6e7a61707279616e6f7640676d61696c2e636f6d223b726f6c657c733a313a2232223b70617373776f72647c733a333a22313233223b),
('51319688ab2377adc99f9dfe456473b9af581aef', '::1', 1469111767, 0x5f5f63695f6c6173745f726567656e65726174657c693a313436393131313731313b69647c733a313a2232223b66697273745f6e616d657c733a353a2244616e656c223b6c6173745f6e616d657c733a383a224275636876617461223b66756c6c4e616d657c733a31343a2244616e656c204275636876617461223b656d61696c7c733a31313a2264616e406d61696c2e6267223b726f6c657c733a313a2231223b70617373776f72647c733a323a223131223b),
('51668b111f0e3a32c6159f68fbd6f34394ed08f2', '::1', 1468918564, 0x5f5f63695f6c6173745f726567656e65726174657c693a313436383931383237373b69647c733a313a2232223b66697273745f6e616d657c733a353a2244616e656c223b6c6173745f6e616d657c733a383a224275636876617461223b66756c6c4e616d657c733a31343a2244616e656c204275636876617461223b656d61696c7c733a31313a2264616e406d61696c2e6267223b726f6c657c733a313a2231223b70617373776f72647c733a323a223131223b),
('52ee26897697012e740d5f6cce114821a0a59754', '::1', 1469011553, 0x5f5f63695f6c6173745f726567656e65726174657c693a313436393031313336323b69647c733a323a223136223b66697273745f6e616d657c733a343a2254657374223b6c6173745f6e616d657c733a343a2255736572223b66756c6c4e616d657c733a393a22546573742055736572223b656d61696c7c733a31393a226b6f6e696b7a2e393040676d61696c2e636f6d223b726f6c657c733a313a2232223b70617373776f72647c733a333a22313233223b),
('54f42c3d6077fd693bf67720e41a1600b8dabf88', '::1', 1468411013, 0x5f5f63695f6c6173745f726567656e65726174657c693a313436383431303932343b69647c733a313a2232223b66697273745f6e616d657c733a353a2244616e656c223b6c6173745f6e616d657c733a383a224275636876617461223b66756c6c4e616d657c733a31343a2244616e656c204275636876617461223b656d61696c7c733a31313a2264616e406d61696c2e6267223b726f6c657c733a313a2231223b70617373776f72647c733a323a223131223b),
('59734b5e3574d93283a93845768886d2932b9854', '::1', 1468408249, 0x5f5f63695f6c6173745f726567656e65726174657c693a313436383430373937363b69647c733a313a2232223b66697273745f6e616d657c733a353a2244616e656c223b6c6173745f6e616d657c733a383a224275636876617461223b66756c6c4e616d657c733a31343a2244616e656c204275636876617461223b656d61696c7c733a31313a2264616e406d61696c2e6267223b726f6c657c733a313a2231223b70617373776f72647c733a323a223131223b),
('5fe83fb8200ccf2fa4b52a49606a93cc045fce7b', '::1', 1468407343, 0x5f5f63695f6c6173745f726567656e65726174657c693a313436383430373239343b69647c733a313a2232223b66697273745f6e616d657c733a353a2244616e656c223b6c6173745f6e616d657c733a383a224275636876617461223b66756c6c4e616d657c733a31343a2244616e656c204275636876617461223b656d61696c7c733a31313a2264616e406d61696c2e6267223b726f6c657c733a313a2231223b70617373776f72647c733a323a223131223b),
('65d0407e99900882c889e6516db4847f53e907c3', '::1', 1469021623, 0x5f5f63695f6c6173745f726567656e65726174657c693a313436393032313532323b69647c733a323a223136223b66697273745f6e616d657c733a343a2254657374223b6c6173745f6e616d657c733a343a2255736572223b66756c6c4e616d657c733a393a22546573742055736572223b656d61696c7c733a31393a226b6f6e696b7a2e393040676d61696c2e636f6d223b726f6c657c733a313a2232223b70617373776f72647c733a333a22313233223b),
('6bbe82fb33b34f5185538e87c7b6d4544b94bc40', '::1', 1468917986, 0x5f5f63695f6c6173745f726567656e65726174657c693a313436383931373936303b69647c733a313a2232223b66697273745f6e616d657c733a353a2244616e656c223b6c6173745f6e616d657c733a383a224275636876617461223b66756c6c4e616d657c733a31343a2244616e656c204275636876617461223b656d61696c7c733a31313a2264616e406d61696c2e6267223b726f6c657c733a313a2231223b70617373776f72647c733a323a223131223b),
('716af6ef74a2ad08c401bd67ef70d399150fd6bd', '::1', 1469016288, 0x5f5f63695f6c6173745f726567656e65726174657c693a313436393031363034393b69647c733a323a223136223b66697273745f6e616d657c733a343a2254657374223b6c6173745f6e616d657c733a343a2255736572223b66756c6c4e616d657c733a393a22546573742055736572223b656d61696c7c733a31393a226b6f6e696b7a2e393040676d61696c2e636f6d223b726f6c657c733a313a2232223b70617373776f72647c733a333a22313233223b),
('71e6903e0cca61d5b9fc73a19fd946dda630ad34', '::1', 1468920005, 0x5f5f63695f6c6173745f726567656e65726174657c693a313436383931393731353b69647c733a313a2232223b66697273745f6e616d657c733a353a2244616e656c223b6c6173745f6e616d657c733a383a224275636876617461223b66756c6c4e616d657c733a31343a2244616e656c204275636876617461223b656d61696c7c733a31313a2264616e406d61696c2e6267223b726f6c657c733a313a2231223b70617373776f72647c733a323a223131223b),
('73a1190ae0edff6ab34c7b8bde51c472b8773ae4', '::1', 1469111235, 0x5f5f63695f6c6173745f726567656e65726174657c693a313436393131303938343b69647c733a313a2232223b66697273745f6e616d657c733a353a2244616e656c223b6c6173745f6e616d657c733a383a224275636876617461223b66756c6c4e616d657c733a31343a2244616e656c204275636876617461223b656d61696c7c733a31313a2264616e406d61696c2e6267223b726f6c657c733a313a2231223b70617373776f72647c733a323a223131223b),
('7571d7cda1f44e99b41b0f473802bcb010ebdd61', '::1', 1469015930, 0x5f5f63695f6c6173745f726567656e65726174657c693a313436393031353633383b69647c733a323a223136223b66697273745f6e616d657c733a343a2254657374223b6c6173745f6e616d657c733a343a2255736572223b66756c6c4e616d657c733a393a22546573742055736572223b656d61696c7c733a31393a226b6f6e696b7a2e393040676d61696c2e636f6d223b726f6c657c733a313a2232223b70617373776f72647c733a333a22313233223b),
('77553bbcdd8726117d942c8660c290c0f16fa31c', '::1', 1468410764, 0x5f5f63695f6c6173745f726567656e65726174657c693a313436383431303535383b69647c733a313a2232223b66697273745f6e616d657c733a353a2244616e656c223b6c6173745f6e616d657c733a383a224275636876617461223b66756c6c4e616d657c733a31343a2244616e656c204275636876617461223b656d61696c7c733a31313a2264616e406d61696c2e6267223b726f6c657c733a313a2231223b70617373776f72647c733a323a223131223b),
('7787dea278e04b778a42488336c5abb37da18884', '::1', 1469006412, 0x5f5f63695f6c6173745f726567656e65726174657c693a313436393030363137343b69647c733a323a223136223b66697273745f6e616d657c733a343a2254657374223b6c6173745f6e616d657c733a343a2255736572223b66756c6c4e616d657c733a393a22546573742055736572223b656d61696c7c733a31393a226b6f6e696b7a2e393040676d61696c2e636f6d223b726f6c657c733a313a2232223b70617373776f72647c733a333a22313233223b),
('77d858df5885277cc78fb0882bf5439319dd6113', '::1', 1469007436, 0x5f5f63695f6c6173745f726567656e65726174657c693a313436393030373336363b69647c733a323a223136223b66697273745f6e616d657c733a343a2254657374223b6c6173745f6e616d657c733a343a2255736572223b66756c6c4e616d657c733a393a22546573742055736572223b656d61696c7c733a31393a226b6f6e696b7a2e393040676d61696c2e636f6d223b726f6c657c733a313a2232223b70617373776f72647c733a333a22313233223b),
('7a381ee9fddf45976e5d4f0a934a83e3ca6037c1', '::1', 1469103084, 0x5f5f63695f6c6173745f726567656e65726174657c693a313436393130333033303b69647c733a313a2232223b66697273745f6e616d657c733a353a2244616e656c223b6c6173745f6e616d657c733a383a224275636876617461223b66756c6c4e616d657c733a31343a2244616e656c204275636876617461223b656d61696c7c733a31313a2264616e406d61696c2e6267223b726f6c657c733a313a2231223b70617373776f72647c733a323a223131223b),
('81ebaf65eedddb5908dd9becd16c577d1da497ff', '::1', 1469104958, 0x5f5f63695f6c6173745f726567656e65726174657c693a313436393130343935383b69647c733a323a223136223b66697273745f6e616d657c733a343a2254657374223b6c6173745f6e616d657c733a343a2255736572223b66756c6c4e616d657c733a393a22546573742055736572223b656d61696c7c733a31393a226b6f6e696b7a2e393040676d61696c2e636f6d223b726f6c657c733a313a2232223b70617373776f72647c733a333a22313233223b),
('8694ab1fddbf382fdb99303ae5bf82baccbc12a2', '::1', 1468932837, 0x5f5f63695f6c6173745f726567656e65726174657c693a313436383933323833373b69647c733a323a223135223b66697273745f6e616d657c733a333a224b6f63223b6c6173745f6e616d657c733a313a225a223b66756c6c4e616d657c733a353a224b6f63205a223b656d61696c7c733a32313a226b6e7a61707279616e6f7640676d61696c2e636f6d223b726f6c657c733a313a2232223b70617373776f72647c733a333a22313233223b),
('89054260fd03b301ac2471a87862f1f7f6544c9c', '::1', 1469088640, 0x5f5f63695f6c6173745f726567656e65726174657c693a313436393038383632383b69647c733a313a2232223b66697273745f6e616d657c733a353a2244616e656c223b6c6173745f6e616d657c733a383a224275636876617461223b66756c6c4e616d657c733a31343a2244616e656c204275636876617461223b656d61696c7c733a31313a2264616e406d61696c2e6267223b726f6c657c733a313a2231223b70617373776f72647c733a323a223131223b),
('894d78561bad398ec8c5d6f92eb5a5d1a921431c', '::1', 1468406901, 0x5f5f63695f6c6173745f726567656e65726174657c693a313436383430363735383b69647c733a313a2232223b66697273745f6e616d657c733a353a2244616e656c223b6c6173745f6e616d657c733a383a224275636876617461223b66756c6c4e616d657c733a31343a2244616e656c204275636876617461223b656d61696c7c733a31313a2264616e406d61696c2e6267223b726f6c657c733a313a2231223b70617373776f72647c733a323a223131223b),
('8b1ef6b43a4c8d9e55b94baebdd5bef14a6327e0', '::1', 1469020285, 0x5f5f63695f6c6173745f726567656e65726174657c693a313436393031393938383b69647c733a323a223136223b66697273745f6e616d657c733a343a2254657374223b6c6173745f6e616d657c733a343a2255736572223b66756c6c4e616d657c733a393a22546573742055736572223b656d61696c7c733a31393a226b6f6e696b7a2e393040676d61696c2e636f6d223b726f6c657c733a313a2232223b70617373776f72647c733a333a22313233223b),
('8cc20a69ecbbb2c9152ea30f089caf9099dbf1a9', '::1', 1468920253, 0x5f5f63695f6c6173745f726567656e65726174657c693a313436383932303034343b69647c733a313a2232223b66697273745f6e616d657c733a353a2244616e656c223b6c6173745f6e616d657c733a383a224275636876617461223b66756c6c4e616d657c733a31343a2244616e656c204275636876617461223b656d61696c7c733a31313a2264616e406d61696c2e6267223b726f6c657c733a313a2231223b70617373776f72647c733a323a223131223b),
('8dcc2a093e474b8119ac62635f9caa5af69db998', '::1', 1469017745, 0x5f5f63695f6c6173745f726567656e65726174657c693a313436393031373330363b69647c733a323a223136223b66697273745f6e616d657c733a343a2254657374223b6c6173745f6e616d657c733a343a2255736572223b66756c6c4e616d657c733a393a22546573742055736572223b656d61696c7c733a31393a226b6f6e696b7a2e393040676d61696c2e636f6d223b726f6c657c733a313a2232223b70617373776f72647c733a333a22313233223b),
('8e566057f795b2aa8d69f2dcaa1a10b5b3beb7a2', '::1', 1468403218, 0x5f5f63695f6c6173745f726567656e65726174657c693a313436383430323937383b69647c733a313a2232223b66697273745f6e616d657c733a353a2244616e656c223b6c6173745f6e616d657c733a383a224275636876617461223b66756c6c4e616d657c733a31343a2244616e656c204275636876617461223b656d61696c7c733a31313a2264616e406d61696c2e6267223b726f6c657c733a313a2231223b70617373776f72647c733a323a223131223b),
('936f7715ead056fdfd9b90751e84e9f9d52a44e6', '::1', 1469003081, 0x5f5f63695f6c6173745f726567656e65726174657c693a313436393030333037383b),
('95c5733816e30ed2c49c9eb1827aa6f522e5713f', '::1', 1469011261, 0x5f5f63695f6c6173745f726567656e65726174657c693a313436393031313032323b69647c733a323a223136223b66697273745f6e616d657c733a343a2254657374223b6c6173745f6e616d657c733a343a2255736572223b66756c6c4e616d657c733a393a22546573742055736572223b656d61696c7c733a31393a226b6f6e696b7a2e393040676d61696c2e636f6d223b726f6c657c733a313a2232223b70617373776f72647c733a333a22313233223b),
('9837ca01549779414381a9e8be7eaad4e758fd8c', '::1', 1468408576, 0x5f5f63695f6c6173745f726567656e65726174657c693a313436383430383238393b69647c733a313a2232223b66697273745f6e616d657c733a353a2244616e656c223b6c6173745f6e616d657c733a383a224275636876617461223b66756c6c4e616d657c733a31343a2244616e656c204275636876617461223b656d61696c7c733a31313a2264616e406d61696c2e6267223b726f6c657c733a313a2231223b70617373776f72647c733a323a223131223b),
('9902956a8b4cbd4bbd08312947ac656c43cd7204', '::1', 1469021156, 0x5f5f63695f6c6173745f726567656e65726174657c693a313436393032313134333b69647c733a323a223136223b66697273745f6e616d657c733a343a2254657374223b6c6173745f6e616d657c733a343a2255736572223b66756c6c4e616d657c733a393a22546573742055736572223b656d61696c7c733a31393a226b6f6e696b7a2e393040676d61696c2e636f6d223b726f6c657c733a313a2232223b70617373776f72647c733a333a22313233223b),
('9ac515faff2486f90bbc1d5235a6680bb1d54570', '::1', 1468405208, 0x5f5f63695f6c6173745f726567656e65726174657c693a313436383430343932393b69647c733a313a2232223b66697273745f6e616d657c733a353a2244616e656c223b6c6173745f6e616d657c733a383a224275636876617461223b66756c6c4e616d657c733a31343a2244616e656c204275636876617461223b656d61696c7c733a31313a2264616e406d61696c2e6267223b726f6c657c733a313a2231223b70617373776f72647c733a323a223131223b),
('9cb61b0fa8fa539d1faf8fa22c66de44fac85992', '::1', 1469021847, 0x5f5f63695f6c6173745f726567656e65726174657c693a313436393032313834373b69647c733a323a223136223b66697273745f6e616d657c733a343a2254657374223b6c6173745f6e616d657c733a343a2255736572223b66756c6c4e616d657c733a393a22546573742055736572223b656d61696c7c733a31393a226b6f6e696b7a2e393040676d61696c2e636f6d223b726f6c657c733a313a2232223b70617373776f72647c733a333a22313233223b),
('9cd958437da9bf06dfe63dc2a351e0ccc7d6fee0', '::1', 1468932680, 0x5f5f63695f6c6173745f726567656e65726174657c693a313436383933323433313b69647c733a323a223135223b66697273745f6e616d657c733a333a224b6f63223b6c6173745f6e616d657c733a313a225a223b66756c6c4e616d657c733a353a224b6f63205a223b656d61696c7c733a32313a226b6e7a61707279616e6f7640676d61696c2e636f6d223b726f6c657c733a313a2232223b70617373776f72647c733a333a22313233223b),
('9cf164a9055499f2636535e314ddd15942ae2152', '::1', 1469013441, 0x5f5f63695f6c6173745f726567656e65726174657c693a313436393031333235323b69647c733a323a223136223b66697273745f6e616d657c733a343a2254657374223b6c6173745f6e616d657c733a343a2255736572223b66756c6c4e616d657c733a393a22546573742055736572223b656d61696c7c733a31393a226b6f6e696b7a2e393040676d61696c2e636f6d223b726f6c657c733a313a2232223b70617373776f72647c733a333a22313233223b),
('9e8b7b81e372ec8217807f979b4cc3cb8f59e3a5', '::1', 1469093173, 0x5f5f63695f6c6173745f726567656e65726174657c693a313436393039333137333b69647c733a313a2232223b66697273745f6e616d657c733a353a2244616e656c223b6c6173745f6e616d657c733a383a224275636876617461223b66756c6c4e616d657c733a31343a2244616e656c204275636876617461223b656d61696c7c733a31313a2264616e406d61696c2e6267223b726f6c657c733a313a2231223b70617373776f72647c733a323a223131223b),
('9f81b45dfa4a9ea2be15472cf1b1c575afbb5710', '::1', 1469004486, 0x5f5f63695f6c6173745f726567656e65726174657c693a313436393030343231323b),
('a1bb0647d5adf9bd4985e9c1537e70c46caadc09', '::1', 1469105596, 0x5f5f63695f6c6173745f726567656e65726174657c693a313436393130353538333b69647c733a323a223136223b66697273745f6e616d657c733a343a2254657374223b6c6173745f6e616d657c733a343a2255736572223b66756c6c4e616d657c733a393a22546573742055736572223b656d61696c7c733a31393a226b6f6e696b7a2e393040676d61696c2e636f6d223b726f6c657c733a313a2232223b70617373776f72647c733a333a22313233223b),
('a517cd26d7b8658721ae6600662fd3749df85125', '::1', 1468922108, 0x5f5f63695f6c6173745f726567656e65726174657c693a313436383932323038373b69647c733a323a223135223b66697273745f6e616d657c733a333a224b6f63223b6c6173745f6e616d657c733a313a225a223b66756c6c4e616d657c733a353a224b6f63205a223b656d61696c7c733a32313a226b6e7a61707279616e6f7640676d61696c2e636f6d223b726f6c657c733a313a2232223b70617373776f72647c733a333a22313233223b),
('a6cf14781abed33653082c28827f2e46c870f50f', '::1', 1468404621, 0x5f5f63695f6c6173745f726567656e65726174657c693a313436383430343432383b69647c733a313a2232223b66697273745f6e616d657c733a353a2244616e656c223b6c6173745f6e616d657c733a383a224275636876617461223b66756c6c4e616d657c733a31343a2244616e656c204275636876617461223b656d61696c7c733a31313a2264616e406d61696c2e6267223b726f6c657c733a313a2231223b70617373776f72647c733a323a223131223b),
('ab99936bceb1f776eb819b5112fbb473c017ee8b', '::1', 1469096518, 0x5f5f63695f6c6173745f726567656e65726174657c693a313436393039363339373b69647c733a313a2232223b66697273745f6e616d657c733a353a2244616e656c223b6c6173745f6e616d657c733a383a224275636876617461223b66756c6c4e616d657c733a31343a2244616e656c204275636876617461223b656d61696c7c733a31313a2264616e406d61696c2e6267223b726f6c657c733a313a2231223b70617373776f72647c733a323a223131223b),
('ad482b76d59da4dd55200a46b7a36839fbf073af', '::1', 1469004876, 0x5f5f63695f6c6173745f726567656e65726174657c693a313436393030343539333b69647c733a323a223136223b66697273745f6e616d657c733a343a2254657374223b6c6173745f6e616d657c733a343a2255736572223b66756c6c4e616d657c733a393a22546573742055736572223b656d61696c7c733a31393a226b6f6e696b7a2e393040676d61696c2e636f6d223b726f6c657c733a313a2232223b70617373776f72647c733a333a22313233223b),
('ae3f638e0f6eda7272b8cdf2e4bbde8363727cad', '::1', 1469094259, 0x5f5f63695f6c6173745f726567656e65726174657c693a313436393039343138343b69647c733a313a2232223b66697273745f6e616d657c733a353a2244616e656c223b6c6173745f6e616d657c733a383a224275636876617461223b66756c6c4e616d657c733a31343a2244616e656c204275636876617461223b656d61696c7c733a31313a2264616e406d61696c2e6267223b726f6c657c733a313a2231223b70617373776f72647c733a323a223131223b),
('b5dd71cf73550dc78b0c9dd8468b699f2da4a06e', '::1', 1468405940, 0x5f5f63695f6c6173745f726567656e65726174657c693a313436383430353735353b69647c733a313a2232223b66697273745f6e616d657c733a353a2244616e656c223b6c6173745f6e616d657c733a383a224275636876617461223b66756c6c4e616d657c733a31343a2244616e656c204275636876617461223b656d61696c7c733a31313a2264616e406d61696c2e6267223b726f6c657c733a313a2231223b70617373776f72647c733a323a223131223b),
('b7ccc2e983f4d936ea25436c2d77510159dbef2d', '::1', 1469020493, 0x5f5f63695f6c6173745f726567656e65726174657c693a313436393032303330363b69647c733a323a223136223b66697273745f6e616d657c733a343a2254657374223b6c6173745f6e616d657c733a343a2255736572223b66756c6c4e616d657c733a393a22546573742055736572223b656d61696c7c733a31393a226b6f6e696b7a2e393040676d61696c2e636f6d223b726f6c657c733a313a2232223b70617373776f72647c733a333a22313233223b),
('b9098837c776a9e45fb3c9ab1e60cece72027f47', '::1', 1468925492, 0x5f5f63695f6c6173745f726567656e65726174657c693a313436383932353238343b69647c733a323a223135223b66697273745f6e616d657c733a333a224b6f63223b6c6173745f6e616d657c733a313a225a223b66756c6c4e616d657c733a353a224b6f63205a223b656d61696c7c733a32313a226b6e7a61707279616e6f7640676d61696c2e636f6d223b726f6c657c733a313a2232223b70617373776f72647c733a333a22313233223b),
('bb74a5cf6cad22e0a387170eeab17f4f7ab9d613', '::1', 1469007346, 0x5f5f63695f6c6173745f726567656e65726174657c693a313436393030373036353b69647c733a323a223136223b66697273745f6e616d657c733a343a2254657374223b6c6173745f6e616d657c733a343a2255736572223b66756c6c4e616d657c733a393a22546573742055736572223b656d61696c7c733a31393a226b6f6e696b7a2e393040676d61696c2e636f6d223b726f6c657c733a313a2232223b70617373776f72647c733a333a22313233223b),
('bc0129aaed90f8e68fba66eb3f03962ac2efa2ea', '::1', 1468921207, 0x5f5f63695f6c6173745f726567656e65726174657c693a313436383932313230373b69647c733a313a2232223b66697273745f6e616d657c733a353a2244616e656c223b6c6173745f6e616d657c733a383a224275636876617461223b66756c6c4e616d657c733a31343a2244616e656c204275636876617461223b656d61696c7c733a31313a2264616e406d61696c2e6267223b726f6c657c733a313a2231223b70617373776f72647c733a323a223131223b),
('bd217f768fcd2c49760bafebbbaaf5c7fa3e404f', '::1', 1469093661, 0x5f5f63695f6c6173745f726567656e65726174657c693a313436393039333636313b69647c733a313a2232223b66697273745f6e616d657c733a353a2244616e656c223b6c6173745f6e616d657c733a383a224275636876617461223b66756c6c4e616d657c733a31343a2244616e656c204275636876617461223b656d61696c7c733a31313a2264616e406d61696c2e6267223b726f6c657c733a313a2231223b70617373776f72647c733a323a223131223b),
('c54879ed37f82deaa62454533084ab5a7ce0a8da', '::1', 1469016829, 0x5f5f63695f6c6173745f726567656e65726174657c693a313436393031363538313b69647c733a323a223136223b66697273745f6e616d657c733a343a2254657374223b6c6173745f6e616d657c733a343a2255736572223b66756c6c4e616d657c733a393a22546573742055736572223b656d61696c7c733a31393a226b6f6e696b7a2e393040676d61696c2e636f6d223b726f6c657c733a313a2232223b70617373776f72647c733a333a22313233223b),
('c5bced6bcc9dbe88e3b064e8c8d7d2cda0d93d05', '::1', 1468171277, 0x5f5f63695f6c6173745f726567656e65726174657c693a313436383137313136393b),
('c61d70fa48c28843ebc6b017336c60b64707b24c', '::1', 1469009498, 0x5f5f63695f6c6173745f726567656e65726174657c693a313436393030393231373b69647c733a323a223136223b66697273745f6e616d657c733a343a2254657374223b6c6173745f6e616d657c733a343a2255736572223b66756c6c4e616d657c733a393a22546573742055736572223b656d61696c7c733a31393a226b6f6e696b7a2e393040676d61696c2e636f6d223b726f6c657c733a313a2232223b70617373776f72647c733a333a22313233223b),
('c77dea5578c4bceb96192d2a1babd8bed7486934', '::1', 1469005023, 0x5f5f63695f6c6173745f726567656e65726174657c693a313436393030343839373b69647c733a323a223136223b66697273745f6e616d657c733a343a2254657374223b6c6173745f6e616d657c733a343a2255736572223b66756c6c4e616d657c733a393a22546573742055736572223b656d61696c7c733a31393a226b6f6e696b7a2e393040676d61696c2e636f6d223b726f6c657c733a313a2232223b70617373776f72647c733a333a22313233223b),
('cb78ae26cb693c159103978ae6e243fab85dc844', '::1', 1468934129, 0x5f5f63695f6c6173745f726567656e65726174657c693a313436383933343031333b),
('d11def562e3892a95be468d64a2fa0cad18f9837', '::1', 1469015397, 0x5f5f63695f6c6173745f726567656e65726174657c693a313436393031353235363b69647c733a323a223136223b66697273745f6e616d657c733a343a2254657374223b6c6173745f6e616d657c733a343a2255736572223b66756c6c4e616d657c733a393a22546573742055736572223b656d61696c7c733a31393a226b6f6e696b7a2e393040676d61696c2e636f6d223b726f6c657c733a313a2232223b70617373776f72647c733a333a22313233223b),
('d204f05e0f30ea8368f38131c7aa906d5fbd5bb9', '::1', 1469018029, 0x5f5f63695f6c6173745f726567656e65726174657c693a313436393031373735343b69647c733a323a223136223b66697273745f6e616d657c733a343a2254657374223b6c6173745f6e616d657c733a343a2255736572223b66756c6c4e616d657c733a393a22546573742055736572223b656d61696c7c733a31393a226b6f6e696b7a2e393040676d61696c2e636f6d223b726f6c657c733a313a2232223b70617373776f72647c733a333a22313233223b),
('d36607a37941366ad4a98de82e2c7a8fd4b2b1f8', '::1', 1468413171, 0x5f5f63695f6c6173745f726567656e65726174657c693a313436383431323930303b69647c733a313a2232223b66697273745f6e616d657c733a353a2244616e656c223b6c6173745f6e616d657c733a383a224275636876617461223b66756c6c4e616d657c733a31343a2244616e656c204275636876617461223b656d61696c7c733a31313a2264616e406d61696c2e6267223b726f6c657c733a313a2231223b70617373776f72647c733a323a223131223b),
('d8344c55ce8d2b7c28fa810efe410e0c5c2672e8', '::1', 1468409136, 0x5f5f63695f6c6173745f726567656e65726174657c693a313436383430383931303b69647c733a313a2232223b66697273745f6e616d657c733a353a2244616e656c223b6c6173745f6e616d657c733a383a224275636876617461223b66756c6c4e616d657c733a31343a2244616e656c204275636876617461223b656d61696c7c733a31313a2264616e406d61696c2e6267223b726f6c657c733a313a2231223b70617373776f72647c733a323a223131223b),
('da2e60f23472d859636c5477bb00f951078e9b79', '::1', 1468406361, 0x5f5f63695f6c6173745f726567656e65726174657c693a313436383430363036313b69647c733a313a2232223b66697273745f6e616d657c733a353a2244616e656c223b6c6173745f6e616d657c733a383a224275636876617461223b66756c6c4e616d657c733a31343a2244616e656c204275636876617461223b656d61696c7c733a31313a2264616e406d61696c2e6267223b726f6c657c733a313a2231223b70617373776f72647c733a323a223131223b),
('dd3e671f1bce9cdb38050d8e359bda615bdc5a61', '::1', 1469101848, 0x5f5f63695f6c6173745f726567656e65726174657c693a313436393130313634353b69647c733a313a2232223b66697273745f6e616d657c733a353a2244616e656c223b6c6173745f6e616d657c733a383a224275636876617461223b66756c6c4e616d657c733a31343a2244616e656c204275636876617461223b656d61696c7c733a31313a2264616e406d61696c2e6267223b726f6c657c733a313a2231223b70617373776f72647c733a323a223131223b),
('e1929056ab77c968894c82464eff7b355c1d700b', '::1', 1468408889, 0x5f5f63695f6c6173745f726567656e65726174657c693a313436383430383630323b69647c733a313a2232223b66697273745f6e616d657c733a353a2244616e656c223b6c6173745f6e616d657c733a383a224275636876617461223b66756c6c4e616d657c733a31343a2244616e656c204275636876617461223b656d61696c7c733a31313a2264616e406d61696c2e6267223b726f6c657c733a313a2231223b70617373776f72647c733a323a223131223b),
('e3443c32163681a07afd09f8a860a458f461f0c5', '::1', 1468412512, 0x5f5f63695f6c6173745f726567656e65726174657c693a313436383431323530363b69647c733a313a2232223b66697273745f6e616d657c733a353a2244616e656c223b6c6173745f6e616d657c733a383a224275636876617461223b66756c6c4e616d657c733a31343a2244616e656c204275636876617461223b656d61696c7c733a31313a2264616e406d61696c2e6267223b726f6c657c733a313a2231223b70617373776f72647c733a323a223131223b),
('e600df0a7dd0418ea0752df8bcff84506d2909dd', '::1', 1468923643, 0x5f5f63695f6c6173745f726567656e65726174657c693a313436383932333334343b69647c733a323a223135223b66697273745f6e616d657c733a333a224b6f63223b6c6173745f6e616d657c733a313a225a223b66756c6c4e616d657c733a353a224b6f63205a223b656d61696c7c733a32313a226b6e7a61707279616e6f7640676d61696c2e636f6d223b726f6c657c733a313a2232223b70617373776f72647c733a333a22313233223b),
('e6f2aad77ea0001b0d8e52f147f344ea94d670c3', '::1', 1469021137, 0x5f5f63695f6c6173745f726567656e65726174657c693a313436393032303636333b69647c733a323a223136223b66697273745f6e616d657c733a343a2254657374223b6c6173745f6e616d657c733a343a2255736572223b66756c6c4e616d657c733a393a22546573742055736572223b656d61696c7c733a31393a226b6f6e696b7a2e393040676d61696c2e636f6d223b726f6c657c733a313a2232223b70617373776f72647c733a333a22313233223b),
('ea04840b07c62d07e5d7f2ae49e2283f464ce239', '::1', 1468171799, 0x5f5f63695f6c6173745f726567656e65726174657c693a313436383137313437353b),
('eace9932b66fe4f58b9763e6483ea249f68f684a', '::1', 1468406754, 0x5f5f63695f6c6173745f726567656e65726174657c693a313436383430363336323b69647c733a313a2232223b66697273745f6e616d657c733a353a2244616e656c223b6c6173745f6e616d657c733a383a224275636876617461223b66756c6c4e616d657c733a31343a2244616e656c204275636876617461223b656d61696c7c733a31313a2264616e406d61696c2e6267223b726f6c657c733a313a2231223b70617373776f72647c733a323a223131223b),
('eaed3374182e2f7322c61ecb320816911b070f89', '::1', 1468401069, 0x5f5f63695f6c6173745f726567656e65726174657c693a313436383430313032373b),
('ec82c522b61b5dc323de528efbc31afd3990aaa6', '::1', 1469092883, 0x5f5f63695f6c6173745f726567656e65726174657c693a313436393039323636393b69647c733a313a2232223b66697273745f6e616d657c733a353a2244616e656c223b6c6173745f6e616d657c733a383a224275636876617461223b66756c6c4e616d657c733a31343a2244616e656c204275636876617461223b656d61696c7c733a31313a2264616e406d61696c2e6267223b726f6c657c733a313a2231223b70617373776f72647c733a323a223131223b),
('ed9d9142159b31b82faa21445c7c7dc0c844ad26', '::1', 1469019640, 0x5f5f63695f6c6173745f726567656e65726174657c693a313436393031393334333b69647c733a323a223136223b66697273745f6e616d657c733a343a2254657374223b6c6173745f6e616d657c733a343a2255736572223b66756c6c4e616d657c733a393a22546573742055736572223b656d61696c7c733a31393a226b6f6e696b7a2e393040676d61696c2e636f6d223b726f6c657c733a313a2232223b70617373776f72647c733a333a22313233223b),
('f4c4cc568e7acb9e55ea615f666fdf1b1e5c27f5', '::1', 1469019985, 0x5f5f63695f6c6173745f726567656e65726174657c693a313436393031393635333b69647c733a323a223136223b66697273745f6e616d657c733a343a2254657374223b6c6173745f6e616d657c733a343a2255736572223b66756c6c4e616d657c733a393a22546573742055736572223b656d61696c7c733a31393a226b6f6e696b7a2e393040676d61696c2e636f6d223b726f6c657c733a313a2232223b70617373776f72647c733a333a22313233223b),
('f5579ab6a7cf9e323c805743fc974ac024e8b03d', '::1', 1469013116, 0x5f5f63695f6c6173745f726567656e65726174657c693a313436393031323833333b69647c733a323a223136223b66697273745f6e616d657c733a343a2254657374223b6c6173745f6e616d657c733a343a2255736572223b66756c6c4e616d657c733a393a22546573742055736572223b656d61696c7c733a31393a226b6f6e696b7a2e393040676d61696c2e636f6d223b726f6c657c733a313a2232223b70617373776f72647c733a333a22313233223b),
('f7e9e00605af5282e54fc0cb7ec499a93fd44db2', '::1', 1469008809, 0x5f5f63695f6c6173745f726567656e65726174657c693a313436393030383434333b69647c733a323a223136223b66697273745f6e616d657c733a343a2254657374223b6c6173745f6e616d657c733a343a2255736572223b66756c6c4e616d657c733a393a22546573742055736572223b656d61696c7c733a31393a226b6f6e696b7a2e393040676d61696c2e636f6d223b726f6c657c733a313a2232223b70617373776f72647c733a333a22313233223b),
('f8ea24e901b53b0b5fccd33c84bc50c2335775d9', '::1', 1469099875, 0x5f5f63695f6c6173745f726567656e65726174657c693a313436393039393837353b69647c733a313a2232223b66697273745f6e616d657c733a353a2244616e656c223b6c6173745f6e616d657c733a383a224275636876617461223b66756c6c4e616d657c733a31343a2244616e656c204275636876617461223b656d61696c7c733a31313a2264616e406d61696c2e6267223b726f6c657c733a313a2231223b70617373776f72647c733a323a223131223b),
('fa28448ba642439f712385b28ab2cb8e7d16b666', '::1', 1469100356, 0x5f5f63695f6c6173745f726567656e65726174657c693a313436393130303331363b69647c733a313a2232223b66697273745f6e616d657c733a353a2244616e656c223b6c6173745f6e616d657c733a383a224275636876617461223b66756c6c4e616d657c733a31343a2244616e656c204275636876617461223b656d61696c7c733a31313a2264616e406d61696c2e6267223b726f6c657c733a313a2231223b70617373776f72647c733a323a223131223b),
('fbb95c4a865acb682dd899725e1bf9ddae0c16e1', '::1', 1468925920, 0x5f5f63695f6c6173745f726567656e65726174657c693a313436383932353731353b69647c733a323a223135223b66697273745f6e616d657c733a333a224b6f63223b6c6173745f6e616d657c733a313a225a223b66756c6c4e616d657c733a353a224b6f63205a223b656d61696c7c733a32313a226b6e7a61707279616e6f7640676d61696c2e636f6d223b726f6c657c733a313a2232223b70617373776f72647c733a333a22313233223b),
('fcd530ad7ba1db502ff2665cf2d388aff80cc821', '::1', 1468413494, 0x5f5f63695f6c6173745f726567656e65726174657c693a313436383431333235363b69647c733a313a2232223b66697273745f6e616d657c733a353a2244616e656c223b6c6173745f6e616d657c733a383a224275636876617461223b66756c6c4e616d657c733a31343a2244616e656c204275636876617461223b656d61696c7c733a31313a2264616e406d61696c2e6267223b726f6c657c733a313a2231223b70617373776f72647c733a323a223131223b),
('fe13b14d953ef6691cc7d017d424e703380d11e0', '::1', 1468403447, 0x5f5f63695f6c6173745f726567656e65726174657c693a313436383430333238303b69647c733a313a2232223b66697273745f6e616d657c733a353a2244616e656c223b6c6173745f6e616d657c733a383a224275636876617461223b66756c6c4e616d657c733a31343a2244616e656c204275636876617461223b656d61696c7c733a31313a2264616e406d61696c2e6267223b726f6c657c733a313a2231223b70617373776f72647c733a323a223131223b),
('fe6de05d0e77dbf0b2b70e2ff014f650f4be8f28', '::1', 1468171903, 0x5f5f63695f6c6173745f726567656e65726174657c693a313436383137313830323b),
('ff8f647b4d894ff8efa5ced40f276cb0fa950367', '::1', 1469018628, 0x5f5f63695f6c6173745f726567656e65726174657c693a313436393031383632383b69647c733a323a223136223b66697273745f6e616d657c733a343a2254657374223b6c6173745f6e616d657c733a343a2255736572223b66756c6c4e616d657c733a393a22546573742055736572223b656d61696c7c733a31393a226b6f6e696b7a2e393040676d61696c2e636f6d223b726f6c657c733a313a2232223b70617373776f72647c733a333a22313233223b),
('ffd3ef4215de9086f2e9f44fde12548ef2b7bdff', '::1', 1468922943, 0x5f5f63695f6c6173745f726567656e65726174657c693a313436383932323636323b69647c733a323a223135223b66697273745f6e616d657c733a333a224b6f63223b6c6173745f6e616d657c733a313a225a223b66756c6c4e616d657c733a353a224b6f63205a223b656d61696c7c733a32313a226b6e7a61707279616e6f7640676d61696c2e636f6d223b726f6c657c733a313a2232223b70617373776f72647c733a333a22313233223b);

-- --------------------------------------------------------

--
-- Table structure for table `migrations`
--

CREATE TABLE `migrations` (
  `version` bigint(20) NOT NULL
) ENGINE=InnoDB DEFAULT CHARSET=utf8;

--
-- Dumping data for table `migrations`
--

INSERT INTO `migrations` (`version`) VALUES
(0);

-- --------------------------------------------------------

--
-- Table structure for table `orders`
--

CREATE TABLE `orders` (
  `id` int(11) NOT NULL,
  `user_id` int(11) NOT NULL,
  `order_id` int(11) NOT NULL,
  `product_id` int(11) NOT NULL,
  `product_name` varchar(255) NOT NULL,
  `order_ml` int(11) NOT NULL,
  `option_price` double NOT NULL,
  `order_date` int(11) NOT NULL,
  `image_src` varchar(255) NOT NULL,
  `qty` int(11) NOT NULL,
  `total_price_ml` double NOT NULL
) ENGINE=InnoDB DEFAULT CHARSET=utf8;

--
-- Dumping data for table `orders`
--

INSERT INTO `orders` (`id`, `user_id`, `order_id`, `product_id`, `product_name`, `order_ml`, `option_price`, `order_date`, `image_src`, `qty`, `total_price_ml`) VALUES
(1, 2, 0, 101, 'Test product', 200, 200, 1469016000, 'b1.jpg', 2, 400),
(2, 2, 0, 101, 'Test product', 300, 40, 1469016000, 'b1.jpg', 3, 120),
(3, 2, 1, 79, 'Product 9.1', 150, 100, 1469102709, 'b6.jpg', 1, 100);

-- --------------------------------------------------------

--
-- Table structure for table `pictures`
--

CREATE TABLE `pictures` (
  `id` int(11) NOT NULL,
  `product_id` int(11) NOT NULL,
  `source` varchar(255) NOT NULL,
  `is_cover` int(11) NOT NULL
) ENGINE=InnoDB DEFAULT CHARSET=utf8;

--
-- Dumping data for table `pictures`
--

INSERT INTO `pictures` (`id`, `product_id`, `source`, `is_cover`) VALUES
(71, 1, 'perfume1.jpg', 1),
(84, 69, 'perfume1.jpg', 1),
(126, 82, 'g1.png', 1),
(127, 83, 'b2.jpg', 1),
(128, 84, 'b7.jpg', 1),
(129, 85, 'b4.jpg', 1),
(130, 86, 'g1.png', 1),
(131, 87, 'c1.jpg', 1),
(132, 88, 'b1.jpg', 1),
(134, 89, 'g2.png', 1),
(135, 90, 'si.jpg', 1),
(138, 91, 'b1.jpg', 1),
(139, 92, 'p2.png', 1),
(140, 93, 'b2.jpg', 1),
(141, 94, 'c1.jpg', 1),
(142, 95, 'g2.png', 1),
(143, 96, 'b4.jpg', 1),
(144, 97, 'b5.jpg', 1),
(145, 71, 'urbane.jpg', 1),
(146, 72, 'Obsession-Perfume.jpg', 1),
(147, 72, 'perfumes-for-autumn-014.jpg', 0),
(148, 73, 'Obsession-Perfume.jpg', 1),
(150, 77, 'b3.jpg', 1),
(152, 80, 'b5.jpg', 1),
(155, 98, 'perfume1.jpg', 1),
(158, 100, 'b3.jpg', 1),
(163, 78, 'c1.jpg', 1),
(168, 99, 'g1.png', 1),
(173, 74, 'perfume1.jpg', 1),
(174, 79, 'b6.jpg', 1),
(175, 101, 'b1.jpg', 1),
(176, 101, 'b2.jpg', 0),
(177, 101, 'b3.jpg', 0),
(178, 101, 'b4.jpg', 0),
(183, 70, 'g2.png', 1),
(184, 70, 'g222222.png', 0),
(185, 76, 'perfume1.jpg', 1),
(186, 75, 'perfume1.jpg', 1),
(187, 81, 'p2.png', 1),
(188, 102, 'g2.png', 1);

-- --------------------------------------------------------

--
-- Table structure for table `products`
--

CREATE TABLE `products` (
  `id` int(11) NOT NULL,
  `is_sale` int(11) NOT NULL,
  `cat_id` int(11) NOT NULL,
  `brand_id` int(11) NOT NULL,
  `created_time` int(11) NOT NULL,
  `product_name` varchar(255) NOT NULL,
  `slug` varchar(255) NOT NULL,
  `is_newest` int(1) NOT NULL,
  `description` longtext NOT NULL
) ENGINE=InnoDB DEFAULT CHARSET=utf8;

--
-- Dumping data for table `products`
--

INSERT INTO `products` (`id`, `is_sale`, `cat_id`, `brand_id`, `created_time`, `product_name`, `slug`, `is_newest`, `description`) VALUES
(70, 1, 1, 6, 1465587069, 'Product 2', 'product-2', 0, ''),
(71, 0, 3, 2, 1465587146, 'Product 3', 'product-3', 1, ''),
(72, 0, 3, 3, 1465592819, 'Product 5', 'product-5', 1, ''),
(73, 0, 3, 2, 1465592916, 'Product 6', 'product-6', 1, ''),
(74, 1, 1, 6, 1465593983, 'Product textarea', 'product-textarea', 1, ''),
(75, 0, 1, 6, 1465594063, 'prdicfa2', 'prdicfa2', 1, ''),
(76, 0, 1, 6, 1465594247, 'name 2', 'name-2', 1, 'test\ntest1\n'),
(77, 1, 1, 6, 1465633849, 'Product 7', 'product-7', 1, 'Product 7 Description'),
(78, 1, 2, 4, 1465634070, 'Product 8', 'product-8', 1, 'Product 8 Description'),
(79, 1, 3, 6, 1465634442, 'Product 9.1', 'product-91', 1, 'Product 9 Description'),
(80, 1, 1, 6, 1465635731, 'Product 9', 'product-9', 1, 'Product 9 Description'),
(81, 1, 1, 6, 1465636464, 'Product 10', 'product-10', 1, 'Product 10 Description'),
(82, 0, 2, 13, 1465636496, 'Product 11', 'product-11', 1, 'Product 11 Description'),
(83, 0, 3, 15, 1465636533, 'Product 12', 'product-12', 1, 'Product 12 Description'),
(84, 0, 1, 18, 1465636622, 'Product 13', 'product-13', 1, 'Product 13 Description'),
(85, 1, 3, 16, 1465636664, 'Product 14', 'product-14', 1, 'Product 14 Decription'),
(86, 0, 1, 19, 1465636721, 'Product 15', 'product-15', 1, 'Product 15 Description'),
(87, 1, 2, 9, 1465636779, 'Product 16', 'product-16', 1, 'Product 16 Description'),
(88, 1, 1, 3, 1465636835, 'Product 17', 'product-17', 1, 'Product 17 Description'),
(89, 1, 3, 20, 1465636872, 'Product 18', 'product-18', 1, 'Product 18 Description'),
(90, 0, 2, 8, 1465636923, 'Product 19', 'product-19', 1, 'Product 19 Description'),
(91, 0, 2, 17, 1465636952, 'Product 20', 'product-20', 1, 'Product 20 Description'),
(92, 1, 1, 21, 1465637001, 'Product 21', 'product-21', 1, 'Product 21 Description'),
(93, 0, 3, 11, 1465637042, 'Product 22', 'product-22', 1, 'Product 22 Description'),
(94, 0, 2, 6, 1465637081, 'Product 23', 'product-23', 1, 'Product 23 Description'),
(95, 0, 1, 18, 1465637114, 'Product 24', 'product-24', 1, 'Product 24 Description'),
(96, 0, 3, 16, 1465637143, 'Product 25', 'product-25', 1, 'Product 25 Description'),
(97, 0, 2, 16, 1465637181, 'Product 26', 'product-26', 1, 'Product 26 Description'),
(98, 1, 2, 4, 1465673344, 'Promotion 1', 'promotion-1', 0, 'asdasd'),
(99, 1, 2, 7, 1465673367, 'Promotions 2', 'promotions-2', 0, 'asdasd'),
(100, 1, 1, 9, 1466157497, 'Product 27', 'product-27', 1, 'Product 27 Description'),
(101, 1, 3, 3, 1466160369, 'Test product', 'test-product', 1, 'Test product description'),
(102, 0, 2, 11, 1469102536, 'created now', 'created-now', 0, 'created now');

-- --------------------------------------------------------

--
-- Table structure for table `product_options`
--

CREATE TABLE `product_options` (
  `id` int(11) NOT NULL,
  `product_id` int(11) NOT NULL,
  `ml` int(11) NOT NULL,
  `price` double NOT NULL,
  `sale_price` double NOT NULL,
  `off_percentage` int(11) NOT NULL,
  `quantity` int(11) NOT NULL
) ENGINE=InnoDB DEFAULT CHARSET=utf8;

--
-- Dumping data for table `product_options`
--

INSERT INTO `product_options` (`id`, `product_id`, `ml`, `price`, `sale_price`, `off_percentage`, `quantity`) VALUES
(63, 1, 44, 100, 78, 22, 123),
(64, 1, 44, 100, 78, 22, 123),
(65, 1, 44, 100, 78, 22, 123),
(84, 69, 44, 100, 0, 0, 123),
(132, 82, 11, 11, 0, 0, 1),
(133, 83, 123, 123, 0, 0, 1),
(134, 84, 1233, 100, 0, 0, 1),
(135, 85, 212, 222, 173, 22, 1),
(136, 86, 111, 111, 0, 0, 1),
(137, 87, 32, 22, 20, 10, 2),
(138, 88, 232, 222, 22, 91, 22),
(140, 89, 33, 33, 31, 7, 2),
(141, 90, 212, 22, 0, 0, 123),
(144, 91, 222, 222, 0, 0, 1),
(145, 92, 22, 100, 78, 22, 222),
(146, 92, 100, 55, 23, 59, 23),
(147, 93, 22, 22, 0, 0, 1),
(148, 94, 22, 22, 0, 0, 1),
(149, 95, 22, 22, 0, 0, 1),
(150, 96, 123, 123, 0, 0, 1),
(151, 97, 111, 111, 0, 0, 1),
(152, 71, 11, 220, 0, 0, 1),
(153, 72, 100, 100, 0, 0, 1),
(154, 73, 11, 222, 0, 0, 1),
(156, 77, 100, 120, 80, 34, 20),
(158, 80, 111, 100, 22, 78, 21),
(162, 98, 11, 100, 25, 75, 123),
(165, 100, 100, 100, 76, 24, 10),
(169, 78, 122, 33, 16.5, 50, 22),
(170, 78, 100, 100, 0, 0, 10),
(183, 99, 44, 444, 123, 73, 1),
(184, 99, 200, 200, 80, 60, 1),
(194, 74, 11, 111, 0, 0, 1),
(195, 74, 120, 80, 60, 25, 1),
(196, 79, 112, 80, 32, 60, 1),
(197, 79, 112, 70, 30, 58, 1),
(198, 79, 150, 100, 0, 0, 1),
(199, 101, 100, 100, 55, 45, 1),
(200, 101, 200, 200, 0, 0, 1),
(201, 101, 300, 300, 40, 87, 1),
(206, 70, 220, 100, 20, 80, 123),
(207, 70, 2200, 80, 60, 25, 12),
(208, 76, 111, 111, 0, 0, 1),
(209, 75, 11, 222, 0, 0, 1),
(210, 81, 111, 100, 0, 0, 22),
(211, 81, 60, 50, 40, 20, 22),
(212, 81, 40, 20, 19, 5, 30),
(213, 81, 140, 120, 60, 50, 2),
(214, 102, 40, 25, 0, 0, 0);

-- --------------------------------------------------------

--
-- Table structure for table `users`
--

CREATE TABLE `users` (
  `id` int(11) NOT NULL,
  `role` int(11) NOT NULL,
  `first_name` varchar(255) NOT NULL,
  `last_name` varchar(255) NOT NULL,
  `email` varchar(255) NOT NULL,
  `password` varchar(255) NOT NULL,
  `is_newsletter` tinyint(1) NOT NULL
) ENGINE=InnoDB DEFAULT CHARSET=utf8;

--
-- Dumping data for table `users`
--

INSERT INTO `users` (`id`, `role`, `first_name`, `last_name`, `email`, `password`, `is_newsletter`) VALUES
(1, 2, 'Petko', 'Hristata', 'skotovadec@mail.bg', '123', 0),
(2, 1, 'Danel', 'Buchvata', 'dan@mail.bg', '11', 0),
(13, 2, 'petka', 'ta', 'pro@mail.bg', '123', 1),
(14, 2, 'Danka', 'Petrova', 'peturhristozovps@gmail.com', '123', 1),
(15, 2, 'Koc', 'Z', 'knzapryanov@gmail.com', '123', 0),
(16, 2, 'Test', 'User', 'konikz.90@gmail.com', '123', 0);

-- --------------------------------------------------------

--
-- Table structure for table `user_address`
--

CREATE TABLE `user_address` (
  `id` int(11) NOT NULL,
  `user_id` int(11) NOT NULL,
  `street` varchar(255) NOT NULL,
  `city` varchar(255) NOT NULL,
  `country` varchar(255) NOT NULL,
  `zip` varchar(255) NOT NULL,
  `phone` varchar(255) NOT NULL
) ENGINE=InnoDB DEFAULT CHARSET=utf8;

--
-- Dumping data for table `user_address`
--

INSERT INTO `user_address` (`id`, `user_id`, `street`, `city`, `country`, `zip`, `phone`) VALUES
(1, 2, 'daniel street', 'daniel city', 'daniel country', 'danie lzip', 'daniel phone 322434'),
(2, 15, 'Koc street', 'Koc city', 'Koc country', 'postcode 4000', '+359899233244'),
(3, 16, 'bulgaria 20', 'plovdiv', 'bulgaria', '4000', '+359899021605');

--
-- Indexes for dumped tables
--

--
-- Indexes for table `brands`
--
ALTER TABLE `brands`
  ADD PRIMARY KEY (`id`);

--
-- Indexes for table `categories`
--
ALTER TABLE `categories`
  ADD PRIMARY KEY (`id`);

--
-- Indexes for table `ci_sessions`
--
ALTER TABLE `ci_sessions`
  ADD PRIMARY KEY (`id`),
  ADD KEY `ci_sessions_timestamp` (`timestamp`);

--
-- Indexes for table `orders`
--
ALTER TABLE `orders`
  ADD PRIMARY KEY (`id`);

--
-- Indexes for table `pictures`
--
ALTER TABLE `pictures`
  ADD PRIMARY KEY (`id`);

--
-- Indexes for table `products`
--
ALTER TABLE `products`
  ADD UNIQUE KEY `id` (`id`);

--
-- Indexes for table `product_options`
--
ALTER TABLE `product_options`
  ADD PRIMARY KEY (`id`);

--
-- Indexes for table `users`
--
ALTER TABLE `users`
  ADD PRIMARY KEY (`id`);

--
-- Indexes for table `user_address`
--
ALTER TABLE `user_address`
  ADD PRIMARY KEY (`id`);

--
-- AUTO_INCREMENT for dumped tables
--

--
-- AUTO_INCREMENT for table `brands`
--
ALTER TABLE `brands`
  MODIFY `id` int(11) NOT NULL AUTO_INCREMENT, AUTO_INCREMENT=23;
--
-- AUTO_INCREMENT for table `categories`
--
ALTER TABLE `categories`
  MODIFY `id` int(11) NOT NULL AUTO_INCREMENT, AUTO_INCREMENT=4;
--
-- AUTO_INCREMENT for table `orders`
--
ALTER TABLE `orders`
  MODIFY `id` int(11) NOT NULL AUTO_INCREMENT, AUTO_INCREMENT=4;
--
-- AUTO_INCREMENT for table `pictures`
--
ALTER TABLE `pictures`
  MODIFY `id` int(11) NOT NULL AUTO_INCREMENT, AUTO_INCREMENT=189;
--
-- AUTO_INCREMENT for table `products`
--
ALTER TABLE `products`
  MODIFY `id` int(11) NOT NULL AUTO_INCREMENT, AUTO_INCREMENT=103;
--
-- AUTO_INCREMENT for table `product_options`
--
ALTER TABLE `product_options`
  MODIFY `id` int(11) NOT NULL AUTO_INCREMENT, AUTO_INCREMENT=215;
--
-- AUTO_INCREMENT for table `users`
--
ALTER TABLE `users`
  MODIFY `id` int(11) NOT NULL AUTO_INCREMENT, AUTO_INCREMENT=17;
--
-- AUTO_INCREMENT for table `user_address`
--
ALTER TABLE `user_address`
  MODIFY `id` int(11) NOT NULL AUTO_INCREMENT, AUTO_INCREMENT=4;
/*!40101 SET CHARACTER_SET_CLIENT=@OLD_CHARACTER_SET_CLIENT */;
/*!40101 SET CHARACTER_SET_RESULTS=@OLD_CHARACTER_SET_RESULTS */;
/*!40101 SET COLLATION_CONNECTION=@OLD_COLLATION_CONNECTION */;
