-- phpMyAdmin SQL Dump
-- version 4.5.1
-- http://www.phpmyadmin.net
--
-- Host: 127.0.0.1
-- Generation Time: Jun 01, 2016 at 01:52 AM
-- Server version: 10.1.13-MariaDB
-- PHP Version: 7.0.6

SET SQL_MODE = "NO_AUTO_VALUE_ON_ZERO";
SET time_zone = "+00:00";


/*!40101 SET @OLD_CHARACTER_SET_CLIENT=@@CHARACTER_SET_CLIENT */;
/*!40101 SET @OLD_CHARACTER_SET_RESULTS=@@CHARACTER_SET_RESULTS */;
/*!40101 SET @OLD_COLLATION_CONNECTION=@@COLLATION_CONNECTION */;
/*!40101 SET NAMES utf8mb4 */;

--
-- Database: `perfumes`
--

-- --------------------------------------------------------

--
-- Table structure for table `brands`
--

CREATE TABLE `brands` (
  `id` int(11) NOT NULL,
  `brand_name` varchar(255) NOT NULL,
  `global_sale` int(11) NOT NULL,
  `sale_price` double NOT NULL,
  `global_off` int(11) NOT NULL,
  `off_price` int(11) NOT NULL
) ENGINE=InnoDB DEFAULT CHARSET=utf8;

--
-- Dumping data for table `brands`
--

INSERT INTO `brands` (`id`, `brand_name`, `global_sale`, `sale_price`, `global_off`, `off_price`) VALUES
(1, 'Bvlgari', 0, 0, 0, 0),
(2, 'Versace', 0, 0, 0, 0),
(3, 'Nov brand', 0, 0, 0, 0);

-- --------------------------------------------------------

--
-- Table structure for table `categories`
--

CREATE TABLE `categories` (
  `id` int(11) NOT NULL,
  `category_name` varchar(255) NOT NULL
) ENGINE=InnoDB DEFAULT CHARSET=utf8;

--
-- Dumping data for table `categories`
--

INSERT INTO `categories` (`id`, `category_name`) VALUES
(1, 'men'),
(2, 'women'),
(3, 'unisex');

-- --------------------------------------------------------

--
-- Table structure for table `ci_sessions`
--

CREATE TABLE `ci_sessions` (
  `id` varchar(40) NOT NULL,
  `ip_address` varchar(45) NOT NULL,
  `timestamp` int(10) UNSIGNED NOT NULL DEFAULT '0',
  `data` blob NOT NULL
) ENGINE=InnoDB DEFAULT CHARSET=utf8;

--
-- Dumping data for table `ci_sessions`
--

INSERT INTO `ci_sessions` (`id`, `ip_address`, `timestamp`, `data`) VALUES
('00251052c082292288f2303bbf38b4fc9c3dec2e', '::1', 1464722639, 0x5f5f63695f6c6173745f726567656e65726174657c693a313436343732323633393b69647c733a313a2232223b66697273745f6e616d657c733a353a2244616e656c223b6c6173745f6e616d657c733a383a224275636876617461223b66756c6c4e616d657c733a31343a2244616e656c204275636876617461223b656d61696c7c733a31313a2264616e406d61696c2e6267223b726f6c657c733a313a2231223b70617373776f72647c733a323a223131223b),
('08b1d621747074d8e524e2e97736a142fdbac4a4', '::1', 1464607960, 0x5f5f63695f6c6173745f726567656e65726174657c693a313436343630373839373b69647c733a313a2232223b66697273745f6e616d657c733a353a2244616e656c223b6c6173745f6e616d657c733a383a224275636876617461223b66756c6c4e616d657c733a31343a2244616e656c204275636876617461223b656d61696c7c733a31313a2264616e406d61696c2e6267223b726f6c657c733a313a2231223b70617373776f72647c733a323a223131223b),
('0fbe61853d0505d1b365572a77f3641eef78490a', '::1', 1464603976, 0x5f5f63695f6c6173745f726567656e65726174657c693a313436343630333736313b69647c733a313a2232223b66697273745f6e616d657c733a353a2244616e656c223b6c6173745f6e616d657c733a383a224275636876617461223b66756c6c4e616d657c733a31343a2244616e656c204275636876617461223b656d61696c7c733a31313a2264616e406d61696c2e6267223b726f6c657c733a313a2231223b70617373776f72647c733a323a223131223b),
('105828f4a24ed7ef9033ef0d74412c740e7979a2', '::1', 1464703569, 0x5f5f63695f6c6173745f726567656e65726174657c693a313436343730333536393b69647c733a313a2232223b66697273745f6e616d657c733a353a2244616e656c223b6c6173745f6e616d657c733a383a224275636876617461223b66756c6c4e616d657c733a31343a2244616e656c204275636876617461223b656d61696c7c733a31313a2264616e406d61696c2e6267223b726f6c657c733a313a2231223b70617373776f72647c733a323a223131223b),
('112257da3d85fdeade64854aeac6eebb6fe913d2', '::1', 1464538517, 0x5f5f63695f6c6173745f726567656e65726174657c693a313436343533383531373b69647c733a313a2232223b66697273745f6e616d657c733a353a2244616e656c223b6c6173745f6e616d657c733a383a224275636876617461223b66756c6c4e616d657c733a31343a2244616e656c204275636876617461223b656d61696c7c733a31313a2264616e406d61696c2e6267223b726f6c657c733a313a2231223b70617373776f72647c733a323a223131223b),
('1184a57b0e8831bdc473e4df87425a5d9502532b', '::1', 1464604625, 0x5f5f63695f6c6173745f726567656e65726174657c693a313436343630343438343b69647c733a313a2232223b66697273745f6e616d657c733a353a2244616e656c223b6c6173745f6e616d657c733a383a224275636876617461223b66756c6c4e616d657c733a31343a2244616e656c204275636876617461223b656d61696c7c733a31313a2264616e406d61696c2e6267223b726f6c657c733a313a2231223b70617373776f72647c733a323a223131223b),
('132e6d2693d59d8666ae84a80b91ee2f9fae9d4a', '::1', 1464699194, 0x5f5f63695f6c6173745f726567656e65726174657c693a313436343639393135333b69647c733a313a2232223b66697273745f6e616d657c733a353a2244616e656c223b6c6173745f6e616d657c733a383a224275636876617461223b66756c6c4e616d657c733a31343a2244616e656c204275636876617461223b656d61696c7c733a31313a2264616e406d61696c2e6267223b726f6c657c733a313a2231223b70617373776f72647c733a323a223131223b),
('13b7e02b5b93bbeea7edd66319ec49137a277d27', '::1', 1464734480, 0x5f5f63695f6c6173745f726567656e65726174657c693a313436343733343438303b69647c733a313a2232223b66697273745f6e616d657c733a353a2244616e656c223b6c6173745f6e616d657c733a383a224275636876617461223b66756c6c4e616d657c733a31343a2244616e656c204275636876617461223b656d61696c7c733a31313a2264616e406d61696c2e6267223b726f6c657c733a313a2231223b70617373776f72647c733a323a223131223b),
('16ef29cd8c2557fc520cb9072edd899abc0964b5', '::1', 1464717720, 0x5f5f63695f6c6173745f726567656e65726174657c693a313436343731373732303b69647c733a313a2232223b66697273745f6e616d657c733a353a2244616e656c223b6c6173745f6e616d657c733a383a224275636876617461223b66756c6c4e616d657c733a31343a2244616e656c204275636876617461223b656d61696c7c733a31313a2264616e406d61696c2e6267223b726f6c657c733a313a2231223b70617373776f72647c733a323a223131223b),
('17af2025a7a655c06fc06906774a716676d5d7b4', '::1', 1464730708, 0x5f5f63695f6c6173745f726567656e65726174657c693a313436343733303730383b69647c733a313a2232223b66697273745f6e616d657c733a353a2244616e656c223b6c6173745f6e616d657c733a383a224275636876617461223b66756c6c4e616d657c733a31343a2244616e656c204275636876617461223b656d61696c7c733a31313a2264616e406d61696c2e6267223b726f6c657c733a313a2231223b70617373776f72647c733a323a223131223b),
('18a53e414ee8c42d6fad3254ee653f4ecc0e0302', '::1', 1464721892, 0x5f5f63695f6c6173745f726567656e65726174657c693a313436343732313839323b69647c733a313a2232223b66697273745f6e616d657c733a353a2244616e656c223b6c6173745f6e616d657c733a383a224275636876617461223b66756c6c4e616d657c733a31343a2244616e656c204275636876617461223b656d61696c7c733a31313a2264616e406d61696c2e6267223b726f6c657c733a313a2231223b70617373776f72647c733a323a223131223b),
('18d13b51f640056a445b9995f690562224d13ae3', '::1', 1464736100, 0x5f5f63695f6c6173745f726567656e65726174657c693a313436343733363130303b69647c733a313a2232223b66697273745f6e616d657c733a353a2244616e656c223b6c6173745f6e616d657c733a383a224275636876617461223b66756c6c4e616d657c733a31343a2244616e656c204275636876617461223b656d61696c7c733a31313a2264616e406d61696c2e6267223b726f6c657c733a313a2231223b70617373776f72647c733a323a223131223b),
('1ab4fbc223bb9c9b19245ef670c3d8c54b19b142', '::1', 1464609801, 0x5f5f63695f6c6173745f726567656e65726174657c693a313436343630393737383b69647c733a313a2232223b66697273745f6e616d657c733a353a2244616e656c223b6c6173745f6e616d657c733a383a224275636876617461223b66756c6c4e616d657c733a31343a2244616e656c204275636876617461223b656d61696c7c733a31313a2264616e406d61696c2e6267223b726f6c657c733a313a2231223b70617373776f72647c733a323a223131223b),
('1dc3aee6c8bd1046417b67cd746f5a9c7282444a', '::1', 1464718708, 0x5f5f63695f6c6173745f726567656e65726174657c693a313436343731383730383b69647c733a313a2232223b66697273745f6e616d657c733a353a2244616e656c223b6c6173745f6e616d657c733a383a224275636876617461223b66756c6c4e616d657c733a31343a2244616e656c204275636876617461223b656d61696c7c733a31313a2264616e406d61696c2e6267223b726f6c657c733a313a2231223b70617373776f72647c733a323a223131223b),
('1f4c248e5f8696bed1c6d3a780a3336dc86983f1', '::1', 1464724180, 0x5f5f63695f6c6173745f726567656e65726174657c693a313436343732343138303b69647c733a313a2232223b66697273745f6e616d657c733a353a2244616e656c223b6c6173745f6e616d657c733a383a224275636876617461223b66756c6c4e616d657c733a31343a2244616e656c204275636876617461223b656d61696c7c733a31313a2264616e406d61696c2e6267223b726f6c657c733a313a2231223b70617373776f72647c733a323a223131223b),
('201bdd1b02124ac79f93b876ca13e60d26025638', '::1', 1464539893, 0x5f5f63695f6c6173745f726567656e65726174657c693a313436343533393839333b69647c733a313a2232223b66697273745f6e616d657c733a353a2244616e656c223b6c6173745f6e616d657c733a383a224275636876617461223b66756c6c4e616d657c733a31343a2244616e656c204275636876617461223b656d61696c7c733a31313a2264616e406d61696c2e6267223b726f6c657c733a313a2231223b70617373776f72647c733a323a223131223b),
('211ea20c0d35a236657d1b2fe34b3a7dfb1f3350', '::1', 1464617150, 0x5f5f63695f6c6173745f726567656e65726174657c693a313436343631373036303b69647c733a313a2232223b66697273745f6e616d657c733a353a2244616e656c223b6c6173745f6e616d657c733a383a224275636876617461223b66756c6c4e616d657c733a31343a2244616e656c204275636876617461223b656d61696c7c733a31313a2264616e406d61696c2e6267223b726f6c657c733a313a2231223b70617373776f72647c733a323a223131223b),
('213d1ae1b61e17bc385d3ff5d177ad04ec4b9886', '::1', 1464616600, 0x5f5f63695f6c6173745f726567656e65726174657c693a313436343631363331343b69647c733a313a2232223b66697273745f6e616d657c733a353a2244616e656c223b6c6173745f6e616d657c733a383a224275636876617461223b66756c6c4e616d657c733a31343a2244616e656c204275636876617461223b656d61696c7c733a31313a2264616e406d61696c2e6267223b726f6c657c733a313a2231223b70617373776f72647c733a323a223131223b),
('22c5db73ad87294df924ed9eecac173f72c212b2', '::1', 1464723767, 0x5f5f63695f6c6173745f726567656e65726174657c693a313436343732333736373b69647c733a313a2232223b66697273745f6e616d657c733a353a2244616e656c223b6c6173745f6e616d657c733a383a224275636876617461223b66756c6c4e616d657c733a31343a2244616e656c204275636876617461223b656d61696c7c733a31313a2264616e406d61696c2e6267223b726f6c657c733a313a2231223b70617373776f72647c733a323a223131223b),
('288b64f4bf9c605e50a59acc00b881b22cfe3e6a', '::1', 1464728406, 0x5f5f63695f6c6173745f726567656e65726174657c693a313436343732383430363b69647c733a313a2232223b66697273745f6e616d657c733a353a2244616e656c223b6c6173745f6e616d657c733a383a224275636876617461223b66756c6c4e616d657c733a31343a2244616e656c204275636876617461223b656d61696c7c733a31313a2264616e406d61696c2e6267223b726f6c657c733a313a2231223b70617373776f72647c733a323a223131223b),
('2a852535e94f5bc92d4a65a9ff2eef83a9a55b46', '::1', 1464732547, 0x5f5f63695f6c6173745f726567656e65726174657c693a313436343733323534373b69647c733a313a2232223b66697273745f6e616d657c733a353a2244616e656c223b6c6173745f6e616d657c733a383a224275636876617461223b66756c6c4e616d657c733a31343a2244616e656c204275636876617461223b656d61696c7c733a31313a2264616e406d61696c2e6267223b726f6c657c733a313a2231223b70617373776f72647c733a323a223131223b),
('340abd3d76c942ada668909fedec0135c6ad04db', '::1', 1464612296, 0x5f5f63695f6c6173745f726567656e65726174657c693a313436343631313939363b69647c733a313a2232223b66697273745f6e616d657c733a353a2244616e656c223b6c6173745f6e616d657c733a383a224275636876617461223b66756c6c4e616d657c733a31343a2244616e656c204275636876617461223b656d61696c7c733a31313a2264616e406d61696c2e6267223b726f6c657c733a313a2231223b70617373776f72647c733a323a223131223b),
('34e30d057320e6000bd69790e3166b3fd1f702ce', '::1', 1464616892, 0x5f5f63695f6c6173745f726567656e65726174657c693a313436343631363634303b69647c733a313a2232223b66697273745f6e616d657c733a353a2244616e656c223b6c6173745f6e616d657c733a383a224275636876617461223b66756c6c4e616d657c733a31343a2244616e656c204275636876617461223b656d61696c7c733a31313a2264616e406d61696c2e6267223b726f6c657c733a313a2231223b70617373776f72647c733a323a223131223b),
('35062fa623ae09051b120710fc79da6362040fff', '::1', 1464706285, 0x5f5f63695f6c6173745f726567656e65726174657c693a313436343730353834393b69647c733a313a2232223b66697273745f6e616d657c733a353a2244616e656c223b6c6173745f6e616d657c733a383a224275636876617461223b66756c6c4e616d657c733a31343a2244616e656c204275636876617461223b656d61696c7c733a31313a2264616e406d61696c2e6267223b726f6c657c733a313a2231223b70617373776f72647c733a323a223131223b),
('3cd4fc27721a95cd014b12fef1762bf7d2130a16', '::1', 1464696222, 0x5f5f63695f6c6173745f726567656e65726174657c693a313436343639353536333b69647c733a313a2232223b66697273745f6e616d657c733a353a2244616e656c223b6c6173745f6e616d657c733a383a224275636876617461223b66756c6c4e616d657c733a31343a2244616e656c204275636876617461223b656d61696c7c733a31313a2264616e406d61696c2e6267223b726f6c657c733a313a2231223b70617373776f72647c733a323a223131223b),
('3f12670bcc1311d3d4e78e51c223fef495ff44de', '::1', 1464705422, 0x5f5f63695f6c6173745f726567656e65726174657c693a313436343730353134313b69647c733a313a2232223b66697273745f6e616d657c733a353a2244616e656c223b6c6173745f6e616d657c733a383a224275636876617461223b66756c6c4e616d657c733a31343a2244616e656c204275636876617461223b656d61696c7c733a31313a2264616e406d61696c2e6267223b726f6c657c733a313a2231223b70617373776f72647c733a323a223131223b),
('42419e3656c7b1d51bc94cf1f4af91278d159306', '::1', 1464718030, 0x5f5f63695f6c6173745f726567656e65726174657c693a313436343731383033303b69647c733a313a2232223b66697273745f6e616d657c733a353a2244616e656c223b6c6173745f6e616d657c733a383a224275636876617461223b66756c6c4e616d657c733a31343a2244616e656c204275636876617461223b656d61696c7c733a31313a2264616e406d61696c2e6267223b726f6c657c733a313a2231223b70617373776f72647c733a323a223131223b),
('456f71aace13281db72c7d8e05c421f9e1d9c06a', '::1', 1464718377, 0x5f5f63695f6c6173745f726567656e65726174657c693a313436343731383337373b69647c733a313a2232223b66697273745f6e616d657c733a353a2244616e656c223b6c6173745f6e616d657c733a383a224275636876617461223b66756c6c4e616d657c733a31343a2244616e656c204275636876617461223b656d61696c7c733a31313a2264616e406d61696c2e6267223b726f6c657c733a313a2231223b70617373776f72647c733a323a223131223b),
('45c3b8a1eebbf6567f29e9beff44ad9b7c9dca6f', '::1', 1464543618, 0x5f5f63695f6c6173745f726567656e65726174657c693a313436343534333631383b69647c733a313a2232223b66697273745f6e616d657c733a353a2244616e656c223b6c6173745f6e616d657c733a383a224275636876617461223b66756c6c4e616d657c733a31343a2244616e656c204275636876617461223b656d61696c7c733a31313a2264616e406d61696c2e6267223b726f6c657c733a313a2231223b70617373776f72647c733a323a223131223b),
('4956674c734dceeb67446f926b2bc8ace0b9925b', '::1', 1464544683, 0x5f5f63695f6c6173745f726567656e65726174657c693a313436343534343633363b69647c733a313a2232223b66697273745f6e616d657c733a353a2244616e656c223b6c6173745f6e616d657c733a383a224275636876617461223b66756c6c4e616d657c733a31343a2244616e656c204275636876617461223b656d61696c7c733a31313a2264616e406d61696c2e6267223b726f6c657c733a313a2231223b70617373776f72647c733a323a223131223b),
('4f4d501d9d2b7ba877d04afb7d43f1c8f10a7358', '::1', 1464722970, 0x5f5f63695f6c6173745f726567656e65726174657c693a313436343732323937303b69647c733a313a2232223b66697273745f6e616d657c733a353a2244616e656c223b6c6173745f6e616d657c733a383a224275636876617461223b66756c6c4e616d657c733a31343a2244616e656c204275636876617461223b656d61696c7c733a31313a2264616e406d61696c2e6267223b726f6c657c733a313a2231223b70617373776f72647c733a323a223131223b),
('555b04aa7f38e1052e6e997df496fe66bb190ddd', '::1', 1464716993, 0x5f5f63695f6c6173745f726567656e65726174657c693a313436343731363939333b69647c733a313a2232223b66697273745f6e616d657c733a353a2244616e656c223b6c6173745f6e616d657c733a383a224275636876617461223b66756c6c4e616d657c733a31343a2244616e656c204275636876617461223b656d61696c7c733a31313a2264616e406d61696c2e6267223b726f6c657c733a313a2231223b70617373776f72647c733a323a223131223b),
('55b73621e52ba6b0f17497aebd789a79cb6a7209', '::1', 1464604408, 0x5f5f63695f6c6173745f726567656e65726174657c693a313436343630343130383b69647c733a313a2232223b66697273745f6e616d657c733a353a2244616e656c223b6c6173745f6e616d657c733a383a224275636876617461223b66756c6c4e616d657c733a31343a2244616e656c204275636876617461223b656d61696c7c733a31313a2264616e406d61696c2e6267223b726f6c657c733a313a2231223b70617373776f72647c733a323a223131223b),
('57ae630254d96e079ae5b39cd9bbcc5c469737b3', '::1', 1464731508, 0x5f5f63695f6c6173745f726567656e65726174657c693a313436343733313530383b69647c733a313a2232223b66697273745f6e616d657c733a353a2244616e656c223b6c6173745f6e616d657c733a383a224275636876617461223b66756c6c4e616d657c733a31343a2244616e656c204275636876617461223b656d61696c7c733a31313a2264616e406d61696c2e6267223b726f6c657c733a313a2231223b70617373776f72647c733a323a223131223b),
('583f0bbce982c7d93892cd840c2999574d28dd1c', '::1', 1464620005, 0x5f5f63695f6c6173745f726567656e65726174657c693a313436343631393931373b69647c733a313a2232223b66697273745f6e616d657c733a353a2244616e656c223b6c6173745f6e616d657c733a383a224275636876617461223b66756c6c4e616d657c733a31343a2244616e656c204275636876617461223b656d61696c7c733a31313a2264616e406d61696c2e6267223b726f6c657c733a313a2231223b70617373776f72647c733a323a223131223b),
('5b933aff96b4dd78159a10d7416c5e50f785ddf4', '::1', 1464617701, 0x5f5f63695f6c6173745f726567656e65726174657c693a313436343631373431323b69647c733a313a2232223b66697273745f6e616d657c733a353a2244616e656c223b6c6173745f6e616d657c733a383a224275636876617461223b66756c6c4e616d657c733a31343a2244616e656c204275636876617461223b656d61696c7c733a31313a2264616e406d61696c2e6267223b726f6c657c733a313a2231223b70617373776f72647c733a323a223131223b),
('5ca87523d5dc406f89c98f8fd745acfa293f2cb3', '::1', 1464700899, 0x5f5f63695f6c6173745f726567656e65726174657c693a313436343730303738343b69647c733a313a2232223b66697273745f6e616d657c733a353a2244616e656c223b6c6173745f6e616d657c733a383a224275636876617461223b66756c6c4e616d657c733a31343a2244616e656c204275636876617461223b656d61696c7c733a31313a2264616e406d61696c2e6267223b726f6c657c733a313a2231223b70617373776f72647c733a323a223131223b),
('5d55ec7a4c29e0e2abb1ee21262db0a00e268307', '::1', 1464544512, 0x5f5f63695f6c6173745f726567656e65726174657c693a313436343534343430323b69647c733a313a2232223b66697273745f6e616d657c733a353a2244616e656c223b6c6173745f6e616d657c733a383a224275636876617461223b66756c6c4e616d657c733a31343a2244616e656c204275636876617461223b656d61696c7c733a31313a2264616e406d61696c2e6267223b726f6c657c733a313a2231223b70617373776f72647c733a323a223131223b),
('60039582131b681b3e05dc8a0c267fddd7bd0643', '::1', 1464614886, 0x5f5f63695f6c6173745f726567656e65726174657c693a313436343631343731383b69647c733a313a2232223b66697273745f6e616d657c733a353a2244616e656c223b6c6173745f6e616d657c733a383a224275636876617461223b66756c6c4e616d657c733a31343a2244616e656c204275636876617461223b656d61696c7c733a31313a2264616e406d61696c2e6267223b726f6c657c733a313a2231223b70617373776f72647c733a323a223131223b),
('60a71f194348b94d251edd3c36e03f9023617b03', '::1', 1464728742, 0x5f5f63695f6c6173745f726567656e65726174657c693a313436343732383734323b69647c733a313a2232223b66697273745f6e616d657c733a353a2244616e656c223b6c6173745f6e616d657c733a383a224275636876617461223b66756c6c4e616d657c733a31343a2244616e656c204275636876617461223b656d61696c7c733a31313a2264616e406d61696c2e6267223b726f6c657c733a313a2231223b70617373776f72647c733a323a223131223b),
('626a3fab93f69b16c4a2f09212decd09a21ac885', '::1', 1464729980, 0x5f5f63695f6c6173745f726567656e65726174657c693a313436343732393938303b69647c733a313a2232223b66697273745f6e616d657c733a353a2244616e656c223b6c6173745f6e616d657c733a383a224275636876617461223b66756c6c4e616d657c733a31343a2244616e656c204275636876617461223b656d61696c7c733a31313a2264616e406d61696c2e6267223b726f6c657c733a313a2231223b70617373776f72647c733a323a223131223b),
('64c41c34c2e55c8fb44bfebf2212ef410495d5d4', '::1', 1464724567, 0x5f5f63695f6c6173745f726567656e65726174657c693a313436343732343536373b69647c733a313a2232223b66697273745f6e616d657c733a353a2244616e656c223b6c6173745f6e616d657c733a383a224275636876617461223b66756c6c4e616d657c733a31343a2244616e656c204275636876617461223b656d61696c7c733a31313a2264616e406d61696c2e6267223b726f6c657c733a313a2231223b70617373776f72647c733a323a223131223b),
('6d12b3ea2bc4d25594587e4e9e553b35bac7c154', '::1', 1464723331, 0x5f5f63695f6c6173745f726567656e65726174657c693a313436343732333333313b69647c733a313a2232223b66697273745f6e616d657c733a353a2244616e656c223b6c6173745f6e616d657c733a383a224275636876617461223b66756c6c4e616d657c733a31343a2244616e656c204275636876617461223b656d61696c7c733a31313a2264616e406d61696c2e6267223b726f6c657c733a313a2231223b70617373776f72647c733a323a223131223b),
('72524d4ef80446f060585b3af3c0acad20c98ef1', '::1', 1464544053, 0x5f5f63695f6c6173745f726567656e65726174657c693a313436343534343035333b69647c733a313a2232223b66697273745f6e616d657c733a353a2244616e656c223b6c6173745f6e616d657c733a383a224275636876617461223b66756c6c4e616d657c733a31343a2244616e656c204275636876617461223b656d61696c7c733a31313a2264616e406d61696c2e6267223b726f6c657c733a313a2231223b70617373776f72647c733a323a223131223b),
('761fbb45bebd174aa66a06e6295451da08ff120c', '::1', 1464609049, 0x5f5f63695f6c6173745f726567656e65726174657c693a313436343630383839393b69647c733a313a2232223b66697273745f6e616d657c733a353a2244616e656c223b6c6173745f6e616d657c733a383a224275636876617461223b66756c6c4e616d657c733a31343a2244616e656c204275636876617461223b656d61696c7c733a31313a2264616e406d61696c2e6267223b726f6c657c733a313a2231223b70617373776f72647c733a323a223131223b),
('770a68a996eb652a0c26fa8fd7c3430ac2e5d174', '::1', 1464727659, 0x5f5f63695f6c6173745f726567656e65726174657c693a313436343732373635393b69647c733a313a2232223b66697273745f6e616d657c733a353a2244616e656c223b6c6173745f6e616d657c733a383a224275636876617461223b66756c6c4e616d657c733a31343a2244616e656c204275636876617461223b656d61696c7c733a31313a2264616e406d61696c2e6267223b726f6c657c733a313a2231223b70617373776f72647c733a323a223131223b),
('7762e80b9474807b30cbc1c38fcc3c9222fbf0ed', '::1', 1464700127, 0x5f5f63695f6c6173745f726567656e65726174657c693a313436343639393836333b69647c733a313a2232223b66697273745f6e616d657c733a353a2244616e656c223b6c6173745f6e616d657c733a383a224275636876617461223b66756c6c4e616d657c733a31343a2244616e656c204275636876617461223b656d61696c7c733a31313a2264616e406d61696c2e6267223b726f6c657c733a313a2231223b70617373776f72647c733a323a223131223b),
('78dd71aabb2cd03fa85931b36882c6578eeec996', '::1', 1464705713, 0x5f5f63695f6c6173745f726567656e65726174657c693a313436343730353532343b69647c733a313a2232223b66697273745f6e616d657c733a353a2244616e656c223b6c6173745f6e616d657c733a383a224275636876617461223b66756c6c4e616d657c733a31343a2244616e656c204275636876617461223b656d61696c7c733a31313a2264616e406d61696c2e6267223b726f6c657c733a313a2231223b70617373776f72647c733a323a223131223b),
('7b0cc750d47cdf10b5294871c264095b34269630', '::1', 1464731185, 0x5f5f63695f6c6173745f726567656e65726174657c693a313436343733313138353b69647c733a313a2232223b66697273745f6e616d657c733a353a2244616e656c223b6c6173745f6e616d657c733a383a224275636876617461223b66756c6c4e616d657c733a31343a2244616e656c204275636876617461223b656d61696c7c733a31313a2264616e406d61696c2e6267223b726f6c657c733a313a2231223b70617373776f72647c733a323a223131223b),
('80eea45bd9b576d4e9e3b56bf0969d29c20a8460', '::1', 1464602740, 0x5f5f63695f6c6173745f726567656e65726174657c693a313436343630323733323b69647c733a313a2232223b66697273745f6e616d657c733a353a2244616e656c223b6c6173745f6e616d657c733a383a224275636876617461223b66756c6c4e616d657c733a31343a2244616e656c204275636876617461223b656d61696c7c733a31313a2264616e406d61696c2e6267223b726f6c657c733a313a2231223b70617373776f72647c733a323a223131223b),
('81043589dd211c6c7f13ade293b47cda36bc5bfb', '::1', 1464698137, 0x5f5f63695f6c6173745f726567656e65726174657c693a313436343639383133373b69647c733a313a2232223b66697273745f6e616d657c733a353a2244616e656c223b6c6173745f6e616d657c733a383a224275636876617461223b66756c6c4e616d657c733a31343a2244616e656c204275636876617461223b656d61696c7c733a31313a2264616e406d61696c2e6267223b726f6c657c733a313a2231223b70617373776f72647c733a323a223131223b),
('82e205abf2cf4a56cb23d8f4a3ca513109c7577e', '::1', 1464704257, 0x5f5f63695f6c6173745f726567656e65726174657c693a313436343730343033323b69647c733a313a2232223b66697273745f6e616d657c733a353a2244616e656c223b6c6173745f6e616d657c733a383a224275636876617461223b66756c6c4e616d657c733a31343a2244616e656c204275636876617461223b656d61696c7c733a31313a2264616e406d61696c2e6267223b726f6c657c733a313a2231223b70617373776f72647c733a323a223131223b),
('831bff3b1a6c57e59729fe94530763cc5dc4f99d', '::1', 1464544402, 0x5f5f63695f6c6173745f726567656e65726174657c693a313436343534343430323b69647c733a313a2232223b66697273745f6e616d657c733a353a2244616e656c223b6c6173745f6e616d657c733a383a224275636876617461223b66756c6c4e616d657c733a31343a2244616e656c204275636876617461223b656d61696c7c733a31313a2264616e406d61696c2e6267223b726f6c657c733a313a2231223b70617373776f72647c733a323a223131223b),
('83f02dafb79fb308a4abebc76b030d0d59f885f7', '::1', 1464616076, 0x5f5f63695f6c6173745f726567656e65726174657c693a313436343631353935373b69647c733a313a2232223b66697273745f6e616d657c733a353a2244616e656c223b6c6173745f6e616d657c733a383a224275636876617461223b66756c6c4e616d657c733a31343a2244616e656c204275636876617461223b656d61696c7c733a31313a2264616e406d61696c2e6267223b726f6c657c733a313a2231223b70617373776f72647c733a323a223131223b),
('851ef43af2e1f4b3b0febddd9abffc19f2d90d9e', '::1', 1464619384, 0x5f5f63695f6c6173745f726567656e65726174657c693a313436343631383934363b69647c733a313a2232223b66697273745f6e616d657c733a353a2244616e656c223b6c6173745f6e616d657c733a383a224275636876617461223b66756c6c4e616d657c733a31343a2244616e656c204275636876617461223b656d61696c7c733a31313a2264616e406d61696c2e6267223b726f6c657c733a313a2231223b70617373776f72647c733a323a223131223b),
('85799965f6482101e76338a419afde67fbcdda14', '::1', 1464738059, 0x5f5f63695f6c6173745f726567656e65726174657c693a313436343733383035393b69647c733a313a2232223b66697273745f6e616d657c733a353a2244616e656c223b6c6173745f6e616d657c733a383a224275636876617461223b66756c6c4e616d657c733a31343a2244616e656c204275636876617461223b656d61696c7c733a31313a2264616e406d61696c2e6267223b726f6c657c733a313a2231223b70617373776f72647c733a323a223131223b),
('87f70563a1718e711ec540fccc5fa4d79d68e331', '::1', 1464719955, 0x5f5f63695f6c6173745f726567656e65726174657c693a313436343731393935353b69647c733a313a2232223b66697273745f6e616d657c733a353a2244616e656c223b6c6173745f6e616d657c733a383a224275636876617461223b66756c6c4e616d657c733a31343a2244616e656c204275636876617461223b656d61696c7c733a31313a2264616e406d61696c2e6267223b726f6c657c733a313a2231223b70617373776f72647c733a323a223131223b),
('88b53083c9bfe3b767b1531dbc4c1aa82c1fd56c', '::1', 1464619467, 0x5f5f63695f6c6173745f726567656e65726174657c693a313436343631393434343b69647c733a313a2232223b66697273745f6e616d657c733a353a2244616e656c223b6c6173745f6e616d657c733a383a224275636876617461223b66756c6c4e616d657c733a31343a2244616e656c204275636876617461223b656d61696c7c733a31313a2264616e406d61696c2e6267223b726f6c657c733a313a2231223b70617373776f72647c733a323a223131223b),
('8d8ec9f7ff0c7af1311700cb477f2e47946e57f5', '::1', 1464542682, 0x5f5f63695f6c6173745f726567656e65726174657c693a313436343534323638323b69647c733a313a2232223b66697273745f6e616d657c733a353a2244616e656c223b6c6173745f6e616d657c733a383a224275636876617461223b66756c6c4e616d657c733a31343a2244616e656c204275636876617461223b656d61696c7c733a31313a2264616e406d61696c2e6267223b726f6c657c733a313a2231223b70617373776f72647c733a323a223131223b),
('907ebbeead22e2430a6106d87fbef2637c2e8d69', '::1', 1464707140, 0x5f5f63695f6c6173745f726567656e65726174657c693a313436343730373030353b69647c733a313a2232223b66697273745f6e616d657c733a353a2244616e656c223b6c6173745f6e616d657c733a383a224275636876617461223b66756c6c4e616d657c733a31343a2244616e656c204275636876617461223b656d61696c7c733a31313a2264616e406d61696c2e6267223b726f6c657c733a313a2231223b70617373776f72647c733a323a223131223b),
('91a181e53278fa61e84552dc36eec6fe21f76fe9', '::1', 1464721130, 0x5f5f63695f6c6173745f726567656e65726174657c693a313436343732313133303b69647c733a313a2232223b66697273745f6e616d657c733a353a2244616e656c223b6c6173745f6e616d657c733a383a224275636876617461223b66756c6c4e616d657c733a31343a2244616e656c204275636876617461223b656d61696c7c733a31313a2264616e406d61696c2e6267223b726f6c657c733a313a2231223b70617373776f72647c733a323a223131223b),
('92bc539267fcd4297c9f8c37f0964deca2bcf120', '::1', 1464704773, 0x5f5f63695f6c6173745f726567656e65726174657c693a313436343730343534313b69647c733a313a2232223b66697273745f6e616d657c733a353a2244616e656c223b6c6173745f6e616d657c733a383a224275636876617461223b66756c6c4e616d657c733a31343a2244616e656c204275636876617461223b656d61696c7c733a31313a2264616e406d61696c2e6267223b726f6c657c733a313a2231223b70617373776f72647c733a323a223131223b),
('92eba49ba60a0ba3465fce6d2d86a18d26046bf4', '::1', 1464733699, 0x5f5f63695f6c6173745f726567656e65726174657c693a313436343733333639393b69647c733a313a2232223b66697273745f6e616d657c733a353a2244616e656c223b6c6173745f6e616d657c733a383a224275636876617461223b66756c6c4e616d657c733a31343a2244616e656c204275636876617461223b656d61696c7c733a31313a2264616e406d61696c2e6267223b726f6c657c733a313a2231223b70617373776f72647c733a323a223131223b),
('94d54af7878b8103629281f03673e2022a6b74e9', '::1', 1464717295, 0x5f5f63695f6c6173745f726567656e65726174657c693a313436343731373239353b69647c733a313a2232223b66697273745f6e616d657c733a353a2244616e656c223b6c6173745f6e616d657c733a383a224275636876617461223b66756c6c4e616d657c733a31343a2244616e656c204275636876617461223b656d61696c7c733a31313a2264616e406d61696c2e6267223b726f6c657c733a313a2231223b70617373776f72647c733a323a223131223b),
('967b63d7276a7e1b8c34c3e5cfa3cb0b062d85d9', '::1', 1464725390, 0x5f5f63695f6c6173745f726567656e65726174657c693a313436343732353339303b69647c733a313a2232223b66697273745f6e616d657c733a353a2244616e656c223b6c6173745f6e616d657c733a383a224275636876617461223b66756c6c4e616d657c733a31343a2244616e656c204275636876617461223b656d61696c7c733a31313a2264616e406d61696c2e6267223b726f6c657c733a313a2231223b70617373776f72647c733a323a223131223b),
('97a4ec7b59518ca2c94e4d38e98f33d8d5c56c33', '::1', 1464734120, 0x5f5f63695f6c6173745f726567656e65726174657c693a313436343733343132303b69647c733a313a2232223b66697273745f6e616d657c733a353a2244616e656c223b6c6173745f6e616d657c733a383a224275636876617461223b66756c6c4e616d657c733a31343a2244616e656c204275636876617461223b656d61696c7c733a31313a2264616e406d61696c2e6267223b726f6c657c733a313a2231223b70617373776f72647c733a323a223131223b),
('97acd94a4b39db0740053ea9457887a19c18bc60', '::1', 1464609396, 0x5f5f63695f6c6173745f726567656e65726174657c693a313436343630393332343b69647c733a313a2232223b66697273745f6e616d657c733a353a2244616e656c223b6c6173745f6e616d657c733a383a224275636876617461223b66756c6c4e616d657c733a31343a2244616e656c204275636876617461223b656d61696c7c733a31313a2264616e406d61696c2e6267223b726f6c657c733a313a2231223b70617373776f72647c733a323a223131223b),
('9d5c4dee20681daa319b0d41585e6f7acc561b0c', '::1', 1464610691, 0x5f5f63695f6c6173745f726567656e65726174657c693a313436343631303538303b69647c733a313a2232223b66697273745f6e616d657c733a353a2244616e656c223b6c6173745f6e616d657c733a383a224275636876617461223b66756c6c4e616d657c733a31343a2244616e656c204275636876617461223b656d61696c7c733a31313a2264616e406d61696c2e6267223b726f6c657c733a313a2231223b70617373776f72647c733a323a223131223b),
('9eb40ddb37a50142099bf31a7d5a736e57404cf1', '::1', 1464601456, 0x5f5f63695f6c6173745f726567656e65726174657c693a313436343630313433363b69647c733a313a2232223b66697273745f6e616d657c733a353a2244616e656c223b6c6173745f6e616d657c733a383a224275636876617461223b66756c6c4e616d657c733a31343a2244616e656c204275636876617461223b656d61696c7c733a31313a2264616e406d61696c2e6267223b726f6c657c733a313a2231223b70617373776f72647c733a323a223131223b),
('a49b25685c26608ec1a1991ba81d93ed43322f96', '::1', 1464729677, 0x5f5f63695f6c6173745f726567656e65726174657c693a313436343732393637373b69647c733a313a2232223b66697273745f6e616d657c733a353a2244616e656c223b6c6173745f6e616d657c733a383a224275636876617461223b66756c6c4e616d657c733a31343a2244616e656c204275636876617461223b656d61696c7c733a31313a2264616e406d61696c2e6267223b726f6c657c733a313a2231223b70617373776f72647c733a323a223131223b),
('a8033c331e85ac5e4ab212d181d2235b40e09fa8', '::1', 1464721565, 0x5f5f63695f6c6173745f726567656e65726174657c693a313436343732313536353b69647c733a313a2232223b66697273745f6e616d657c733a353a2244616e656c223b6c6173745f6e616d657c733a383a224275636876617461223b66756c6c4e616d657c733a31343a2244616e656c204275636876617461223b656d61696c7c733a31313a2264616e406d61696c2e6267223b726f6c657c733a313a2231223b70617373776f72647c733a323a223131223b),
('aba9a718c562649bfaa385d59590b19f62099dd3', '::1', 1464601958, 0x5f5f63695f6c6173745f726567656e65726174657c693a313436343630313935383b69647c733a313a2232223b66697273745f6e616d657c733a353a2244616e656c223b6c6173745f6e616d657c733a383a224275636876617461223b66756c6c4e616d657c733a31343a2244616e656c204275636876617461223b656d61696c7c733a31313a2264616e406d61696c2e6267223b726f6c657c733a313a2231223b70617373776f72647c733a323a223131223b),
('b45868feb056da60bd70240fa2868630fccb6b43', '::1', 1464725696, 0x5f5f63695f6c6173745f726567656e65726174657c693a313436343732353639363b69647c733a313a2232223b66697273745f6e616d657c733a353a2244616e656c223b6c6173745f6e616d657c733a383a224275636876617461223b66756c6c4e616d657c733a31343a2244616e656c204275636876617461223b656d61696c7c733a31313a2264616e406d61696c2e6267223b726f6c657c733a313a2231223b70617373776f72647c733a323a223131223b),
('b6a211c3e6f4356d85a5e06a96937818831aceb0', '::1', 1464726845, 0x5f5f63695f6c6173745f726567656e65726174657c693a313436343732363834353b69647c733a313a2232223b66697273745f6e616d657c733a353a2244616e656c223b6c6173745f6e616d657c733a383a224275636876617461223b66756c6c4e616d657c733a31343a2244616e656c204275636876617461223b656d61696c7c733a31313a2264616e406d61696c2e6267223b726f6c657c733a313a2231223b70617373776f72647c733a323a223131223b),
('bba623f97f3b86792b70a8adcbe1b1cad51e6a7d', '::1', 1464699037, 0x5f5f63695f6c6173745f726567656e65726174657c693a313436343639383737383b69647c733a313a2232223b66697273745f6e616d657c733a353a2244616e656c223b6c6173745f6e616d657c733a383a224275636876617461223b66756c6c4e616d657c733a31343a2244616e656c204275636876617461223b656d61696c7c733a31313a2264616e406d61696c2e6267223b726f6c657c733a313a2231223b70617373776f72647c733a323a223131223b),
('c5bcaaf04b58d17a59d2ce0d84a666ddd42accc7', '::1', 1464722224, 0x5f5f63695f6c6173745f726567656e65726174657c693a313436343732323232343b69647c733a313a2232223b66697273745f6e616d657c733a353a2244616e656c223b6c6173745f6e616d657c733a383a224275636876617461223b66756c6c4e616d657c733a31343a2244616e656c204275636876617461223b656d61696c7c733a31313a2264616e406d61696c2e6267223b726f6c657c733a313a2231223b70617373776f72647c733a323a223131223b),
('c746c5e90feb2954190d552b503cc64ae01a5b99', '::1', 1464720779, 0x5f5f63695f6c6173745f726567656e65726174657c693a313436343732303737393b69647c733a313a2232223b66697273745f6e616d657c733a353a2244616e656c223b6c6173745f6e616d657c733a383a224275636876617461223b66756c6c4e616d657c733a31343a2244616e656c204275636876617461223b656d61696c7c733a31313a2264616e406d61696c2e6267223b726f6c657c733a313a2231223b70617373776f72647c733a323a223131223b),
('c74ec3fd4965e54d881ffab9d951ca81ae159e57', '::1', 1464736984, 0x5f5f63695f6c6173745f726567656e65726174657c693a313436343733363938343b69647c733a313a2232223b66697273745f6e616d657c733a353a2244616e656c223b6c6173745f6e616d657c733a383a224275636876617461223b66756c6c4e616d657c733a31343a2244616e656c204275636876617461223b656d61696c7c733a31313a2264616e406d61696c2e6267223b726f6c657c733a313a2231223b70617373776f72647c733a323a223131223b),
('c86241eae577836f8fb79e1b1fc3cfed4e909493', '::1', 1464610319, 0x5f5f63695f6c6173745f726567656e65726174657c693a313436343631303231323b69647c733a313a2232223b66697273745f6e616d657c733a353a2244616e656c223b6c6173745f6e616d657c733a383a224275636876617461223b66756c6c4e616d657c733a31343a2244616e656c204275636876617461223b656d61696c7c733a31313a2264616e406d61696c2e6267223b726f6c657c733a313a2231223b70617373776f72647c733a323a223131223b),
('cb3e1066617d24a748e616fd40f7e17579a4956f', '::1', 1464727201, 0x5f5f63695f6c6173745f726567656e65726174657c693a313436343732373230313b69647c733a313a2232223b66697273745f6e616d657c733a353a2244616e656c223b6c6173745f6e616d657c733a383a224275636876617461223b66756c6c4e616d657c733a31343a2244616e656c204275636876617461223b656d61696c7c733a31313a2264616e406d61696c2e6267223b726f6c657c733a313a2231223b70617373776f72647c733a323a223131223b),
('cbc1555b2ccc62dece4e7eea10e4ec8a2b26129e', '::1', 1464606570, 0x5f5f63695f6c6173745f726567656e65726174657c693a313436343630363531343b69647c733a313a2232223b66697273745f6e616d657c733a353a2244616e656c223b6c6173745f6e616d657c733a383a224275636876617461223b66756c6c4e616d657c733a31343a2244616e656c204275636876617461223b656d61696c7c733a31313a2264616e406d61696c2e6267223b726f6c657c733a313a2231223b70617373776f72647c733a323a223131223b),
('d557887fd3f37c3c4d897584c973540d85ad9f3b', '::1', 1464725080, 0x5f5f63695f6c6173745f726567656e65726174657c693a313436343732353038303b69647c733a313a2232223b66697273745f6e616d657c733a353a2244616e656c223b6c6173745f6e616d657c733a383a224275636876617461223b66756c6c4e616d657c733a31343a2244616e656c204275636876617461223b656d61696c7c733a31313a2264616e406d61696c2e6267223b726f6c657c733a313a2231223b70617373776f72647c733a323a223131223b),
('d5ee11c28de7e82b44c75391f45010aa99c63e91', '::1', 1464738519, 0x5f5f63695f6c6173745f726567656e65726174657c693a313436343733383531393b69647c733a313a2232223b66697273745f6e616d657c733a353a2244616e656c223b6c6173745f6e616d657c733a383a224275636876617461223b66756c6c4e616d657c733a31343a2244616e656c204275636876617461223b656d61696c7c733a31313a2264616e406d61696c2e6267223b726f6c657c733a313a2231223b70617373776f72647c733a323a223131223b),
('d7c6e7d655f284435acd81898eb3fd8976cc334f', '::1', 1464728049, 0x5f5f63695f6c6173745f726567656e65726174657c693a313436343732383034393b69647c733a313a2232223b66697273745f6e616d657c733a353a2244616e656c223b6c6173745f6e616d657c733a383a224275636876617461223b66756c6c4e616d657c733a31343a2244616e656c204275636876617461223b656d61696c7c733a31313a2264616e406d61696c2e6267223b726f6c657c733a313a2231223b70617373776f72647c733a323a223131223b),
('ddc809d83528da822c43d65ef9a94faed897c49e', '::1', 1464543034, 0x5f5f63695f6c6173745f726567656e65726174657c693a313436343534333033343b69647c733a313a2232223b66697273745f6e616d657c733a353a2244616e656c223b6c6173745f6e616d657c733a383a224275636876617461223b66756c6c4e616d657c733a31343a2244616e656c204275636876617461223b656d61696c7c733a31313a2264616e406d61696c2e6267223b726f6c657c733a313a2231223b70617373776f72647c733a323a223131223b),
('dddb374c04248b8772fad77923a6c0aeee6e4a0d', '::1', 1464600716, 0x5f5f63695f6c6173745f726567656e65726174657c693a313436343630303434383b69647c733a313a2232223b66697273745f6e616d657c733a353a2244616e656c223b6c6173745f6e616d657c733a383a224275636876617461223b66756c6c4e616d657c733a31343a2244616e656c204275636876617461223b656d61696c7c733a31313a2264616e406d61696c2e6267223b726f6c657c733a313a2231223b70617373776f72647c733a323a223131223b),
('e19179ec2461b54a9d3c192957e19ed93eae18f2', '::1', 1464719060, 0x5f5f63695f6c6173745f726567656e65726174657c693a313436343731393036303b69647c733a313a2232223b66697273745f6e616d657c733a353a2244616e656c223b6c6173745f6e616d657c733a383a224275636876617461223b66756c6c4e616d657c733a31343a2244616e656c204275636876617461223b656d61696c7c733a31313a2264616e406d61696c2e6267223b726f6c657c733a313a2231223b70617373776f72647c733a323a223131223b),
('e22f61d9c86a193ecad33d2d4032c3a54eb99e8f', '::1', 1464539532, 0x5f5f63695f6c6173745f726567656e65726174657c693a313436343533393533323b69647c733a313a2232223b66697273745f6e616d657c733a353a2244616e656c223b6c6173745f6e616d657c733a383a224275636876617461223b66756c6c4e616d657c733a31343a2244616e656c204275636876617461223b656d61696c7c733a31313a2264616e406d61696c2e6267223b726f6c657c733a313a2231223b70617373776f72647c733a323a223131223b),
('e79eda1c5ccabdc6e75dba2e3abaacd1421d899d', '::1', 1464732943, 0x5f5f63695f6c6173745f726567656e65726174657c693a313436343733323934333b69647c733a313a2232223b66697273745f6e616d657c733a353a2244616e656c223b6c6173745f6e616d657c733a383a224275636876617461223b66756c6c4e616d657c733a31343a2244616e656c204275636876617461223b656d61696c7c733a31313a2264616e406d61696c2e6267223b726f6c657c733a313a2231223b70617373776f72647c733a323a223131223b),
('e8132a55879505124e822106c987373f12ba8f45', '::1', 1464738707, 0x5f5f63695f6c6173745f726567656e65726174657c693a313436343733383531393b69647c733a313a2232223b66697273745f6e616d657c733a353a2244616e656c223b6c6173745f6e616d657c733a383a224275636876617461223b66756c6c4e616d657c733a31343a2244616e656c204275636876617461223b656d61696c7c733a31313a2264616e406d61696c2e6267223b726f6c657c733a313a2231223b70617373776f72647c733a323a223131223b),
('eba3d3955c2b35864db54a47f29b7ad5f4b46ffb', '::1', 1464607334, 0x5f5f63695f6c6173745f726567656e65726174657c693a313436343630373232353b69647c733a313a2232223b66697273745f6e616d657c733a353a2244616e656c223b6c6173745f6e616d657c733a383a224275636876617461223b66756c6c4e616d657c733a31343a2244616e656c204275636876617461223b656d61696c7c733a31313a2264616e406d61696c2e6267223b726f6c657c733a313a2231223b70617373776f72647c733a323a223131223b),
('f00fe1690a1f0747e59175f340c6ac3d91a88e74', '::1', 1464540290, 0x5f5f63695f6c6173745f726567656e65726174657c693a313436343534303239303b69647c733a313a2232223b66697273745f6e616d657c733a353a2244616e656c223b6c6173745f6e616d657c733a383a224275636876617461223b66756c6c4e616d657c733a31343a2244616e656c204275636876617461223b656d61696c7c733a31313a2264616e406d61696c2e6267223b726f6c657c733a313a2231223b70617373776f72647c733a323a223131223b),
('f11b01b687bf8373f998027cde45ef48398b07da', '::1', 1464700585, 0x5f5f63695f6c6173745f726567656e65726174657c693a313436343730303238353b69647c733a313a2232223b66697273745f6e616d657c733a353a2244616e656c223b6c6173745f6e616d657c733a383a224275636876617461223b66756c6c4e616d657c733a31343a2244616e656c204275636876617461223b656d61696c7c733a31313a2264616e406d61696c2e6267223b726f6c657c733a313a2231223b70617373776f72647c733a323a223131223b),
('f3931bbc221f4e52e06b2fb86162ab57d9e398bb', '::1', 1464703397, 0x5f5f63695f6c6173745f726567656e65726174657c693a313436343730313234363b69647c733a313a2232223b66697273745f6e616d657c733a353a2244616e656c223b6c6173745f6e616d657c733a383a224275636876617461223b66756c6c4e616d657c733a31343a2244616e656c204275636876617461223b656d61696c7c733a31313a2264616e406d61696c2e6267223b726f6c657c733a313a2231223b70617373776f72647c733a323a223131223b),
('f6c2b5f35ae24ad2e56326b3d8f072ef8b69d623', '::1', 1464706356, 0x5f5f63695f6c6173745f726567656e65726174657c693a313436343730363331383b69647c733a313a2232223b66697273745f6e616d657c733a353a2244616e656c223b6c6173745f6e616d657c733a383a224275636876617461223b66756c6c4e616d657c733a31343a2244616e656c204275636876617461223b656d61696c7c733a31313a2264616e406d61696c2e6267223b726f6c657c733a313a2231223b70617373776f72647c733a323a223131223b),
('fb51ea6bdaf78e3d047eb0d72d81d041944e15fd', '::1', 1464540591, 0x5f5f63695f6c6173745f726567656e65726174657c693a313436343534303539313b69647c733a313a2232223b66697273745f6e616d657c733a353a2244616e656c223b6c6173745f6e616d657c733a383a224275636876617461223b66756c6c4e616d657c733a31343a2244616e656c204275636876617461223b656d61696c7c733a31313a2264616e406d61696c2e6267223b726f6c657c733a313a2231223b70617373776f72647c733a323a223131223b),
('fc49b2cec7cdad8c1144aca53cb2475043056d76', '::1', 1464697236, 0x5f5f63695f6c6173745f726567656e65726174657c693a313436343639373038313b69647c733a313a2232223b66697273745f6e616d657c733a353a2244616e656c223b6c6173745f6e616d657c733a383a224275636876617461223b66756c6c4e616d657c733a31343a2244616e656c204275636876617461223b656d61696c7c733a31313a2264616e406d61696c2e6267223b726f6c657c733a313a2231223b70617373776f72647c733a323a223131223b),
('fcedd28d5f5e12d2acdc9c3e895fd1bffb078bb1', '::1', 1464620829, 0x5f5f63695f6c6173745f726567656e65726174657c693a313436343632303832393b69647c733a313a2232223b66697273745f6e616d657c733a353a2244616e656c223b6c6173745f6e616d657c733a383a224275636876617461223b66756c6c4e616d657c733a31343a2244616e656c204275636876617461223b656d61696c7c733a31313a2264616e406d61696c2e6267223b726f6c657c733a313a2231223b70617373776f72647c733a323a223131223b);

-- --------------------------------------------------------

--
-- Table structure for table `manual_newest`
--

CREATE TABLE `manual_newest` (
  `id` int(11) NOT NULL,
  `product_id` int(11) NOT NULL
) ENGINE=InnoDB DEFAULT CHARSET=latin1;

--
-- Dumping data for table `manual_newest`
--

INSERT INTO `manual_newest` (`id`, `product_id`) VALUES
(10, 32),
(11, 33);

-- --------------------------------------------------------

--
-- Table structure for table `pictures`
--

CREATE TABLE `pictures` (
  `id` int(11) NOT NULL,
  `product_id` int(11) NOT NULL,
  `source` varchar(255) NOT NULL,
  `is_cover` int(11) NOT NULL
) ENGINE=InnoDB DEFAULT CHARSET=utf8;

--
-- Dumping data for table `pictures`
--

INSERT INTO `pictures` (`id`, `product_id`, `source`, `is_cover`) VALUES
(22, 29, 'perfumes-for-autumn-014.jpg', 1),
(23, 30, 'perfumes-for-autumn-014.jpg', 1),
(24, 31, 'perfumes-for-autumn-014.jpg', 1),
(25, 31, 'rasasi_dareej_perfumes_for_men_1.jpg', 0),
(26, 32, 'perfumes-for-autumn-014.jpg', 1),
(27, 32, 'rasasi_dareej_perfumes_for_men_1.jpg', 0),
(28, 33, 'rasasi_dareej_perfumes_for_men_1.jpg', 1);

-- --------------------------------------------------------

--
-- Table structure for table `products`
--

CREATE TABLE `products` (
  `id` int(11) NOT NULL,
  `cat_id` int(11) NOT NULL,
  `brand_id` int(11) NOT NULL,
  `created_time` int(11) NOT NULL,
  `product_name` varchar(255) NOT NULL
) ENGINE=InnoDB DEFAULT CHARSET=utf8;

--
-- Dumping data for table `products`
--

INSERT INTO `products` (`id`, `cat_id`, `brand_id`, `created_time`, `product_name`) VALUES
(13, 1, 1, 1464707112, 'Aqua pour Homme'),
(29, 3, 1, 1464738101, 'Name new'),
(30, 3, 1, 1464738233, 'Name new'),
(31, 3, 1, 1464738341, 'Name new'),
(32, 1, 1, 1464738481, 'Name new'),
(33, 1, 1, 1464738551, 'bakta');

-- --------------------------------------------------------

--
-- Table structure for table `product_options`
--

CREATE TABLE `product_options` (
  `id` int(11) NOT NULL,
  `product_id` int(11) NOT NULL,
  `ml` int(11) NOT NULL,
  `price` double NOT NULL,
  `sale_price` double NOT NULL,
  `off_percentage` int(11) NOT NULL,
  `quantity` int(11) NOT NULL
) ENGINE=InnoDB DEFAULT CHARSET=utf8;

--
-- Dumping data for table `product_options`
--

INSERT INTO `product_options` (`id`, `product_id`, `ml`, `price`, `sale_price`, `off_percentage`, `quantity`) VALUES
(14, 29, 44, 100, 22, 78, 22),
(15, 30, 44, 100, 22, 78, 22),
(16, 31, 44, 100, 22, 78, 22),
(17, 31, 55, 0, 0, 0, 0),
(18, 31, 111, 100, 22, 78, 1),
(19, 32, 44, 100, 22, 78, 22),
(20, 32, 55, 0, 0, 0, 0),
(21, 32, 111, 100, 22, 78, 1),
(22, 33, 3, 0, 0, 0, 0);

-- --------------------------------------------------------

--
-- Table structure for table `users`
--

CREATE TABLE `users` (
  `id` int(11) NOT NULL,
  `role` int(11) NOT NULL,
  `first_name` varchar(255) NOT NULL,
  `last_name` varchar(255) NOT NULL,
  `email` varchar(255) NOT NULL,
  `password` varchar(255) NOT NULL,
  `is_newsletter` tinyint(1) NOT NULL
) ENGINE=InnoDB DEFAULT CHARSET=utf8;

--
-- Dumping data for table `users`
--

INSERT INTO `users` (`id`, `role`, `first_name`, `last_name`, `email`, `password`, `is_newsletter`) VALUES
(1, 2, 'Petko', 'Hristata', 'skotovadec@mail.bg', '123', 0),
(2, 1, 'Danel', 'Buchvata', 'dan@mail.bg', '11', 0),
(13, 2, 'petka', 'ta', 'pro@mail.bg', '123', 1),
(14, 2, 'Danka', 'Petrova', 'peturhristozovps@gmail.com', '123', 1);

--
-- Indexes for dumped tables
--

--
-- Indexes for table `brands`
--
ALTER TABLE `brands`
  ADD PRIMARY KEY (`id`);

--
-- Indexes for table `categories`
--
ALTER TABLE `categories`
  ADD PRIMARY KEY (`id`);

--
-- Indexes for table `ci_sessions`
--
ALTER TABLE `ci_sessions`
  ADD PRIMARY KEY (`id`),
  ADD KEY `ci_sessions_timestamp` (`timestamp`);

--
-- Indexes for table `manual_newest`
--
ALTER TABLE `manual_newest`
  ADD PRIMARY KEY (`id`);

--
-- Indexes for table `pictures`
--
ALTER TABLE `pictures`
  ADD PRIMARY KEY (`id`);

--
-- Indexes for table `products`
--
ALTER TABLE `products`
  ADD UNIQUE KEY `id` (`id`);

--
-- Indexes for table `product_options`
--
ALTER TABLE `product_options`
  ADD PRIMARY KEY (`id`);

--
-- Indexes for table `users`
--
ALTER TABLE `users`
  ADD PRIMARY KEY (`id`);

--
-- AUTO_INCREMENT for dumped tables
--

--
-- AUTO_INCREMENT for table `brands`
--
ALTER TABLE `brands`
  MODIFY `id` int(11) NOT NULL AUTO_INCREMENT, AUTO_INCREMENT=4;
--
-- AUTO_INCREMENT for table `categories`
--
ALTER TABLE `categories`
  MODIFY `id` int(11) NOT NULL AUTO_INCREMENT, AUTO_INCREMENT=4;
--
-- AUTO_INCREMENT for table `manual_newest`
--
ALTER TABLE `manual_newest`
  MODIFY `id` int(11) NOT NULL AUTO_INCREMENT, AUTO_INCREMENT=12;
--
-- AUTO_INCREMENT for table `pictures`
--
ALTER TABLE `pictures`
  MODIFY `id` int(11) NOT NULL AUTO_INCREMENT, AUTO_INCREMENT=29;
--
-- AUTO_INCREMENT for table `products`
--
ALTER TABLE `products`
  MODIFY `id` int(11) NOT NULL AUTO_INCREMENT, AUTO_INCREMENT=34;
--
-- AUTO_INCREMENT for table `product_options`
--
ALTER TABLE `product_options`
  MODIFY `id` int(11) NOT NULL AUTO_INCREMENT, AUTO_INCREMENT=23;
--
-- AUTO_INCREMENT for table `users`
--
ALTER TABLE `users`
  MODIFY `id` int(11) NOT NULL AUTO_INCREMENT, AUTO_INCREMENT=15;
/*!40101 SET CHARACTER_SET_CLIENT=@OLD_CHARACTER_SET_CLIENT */;
/*!40101 SET CHARACTER_SET_RESULTS=@OLD_CHARACTER_SET_RESULTS */;
/*!40101 SET COLLATION_CONNECTION=@OLD_COLLATION_CONNECTION */;
